-- phpMyAdmin SQL Dump
-- version 5.0.4
-- https://www.phpmyadmin.net/
--
-- Host: 127.0.0.1
-- Waktu pembuatan: 17 Nov 2020 pada 07.02
-- Versi server: 10.4.13-MariaDB
-- Versi PHP: 7.4.8

SET SQL_MODE = "NO_AUTO_VALUE_ON_ZERO";
START TRANSACTION;
SET time_zone = "+00:00";


/*!40101 SET @OLD_CHARACTER_SET_CLIENT=@@CHARACTER_SET_CLIENT */;
/*!40101 SET @OLD_CHARACTER_SET_RESULTS=@@CHARACTER_SET_RESULTS */;
/*!40101 SET @OLD_COLLATION_CONNECTION=@@COLLATION_CONNECTION */;
/*!40101 SET NAMES utf8mb4 */;

--
-- Database: `ta`
--

-- --------------------------------------------------------

--
-- Struktur dari tabel `dosen`
--

CREATE TABLE `dosen` (
  `nip` int(10) NOT NULL,
  `nama` varchar(100) NOT NULL,
  `program_studi` varchar(50) NOT NULL,
  `pendidikan_terakhir` varchar(50) NOT NULL,
  `foto` varchar(100) NOT NULL
) ENGINE=InnoDB DEFAULT CHARSET=utf8mb4;

--
-- Dumping data untuk tabel `dosen`
--

INSERT INTO `dosen` (`nip`, `nama`, `program_studi`, `pendidikan_terakhir`, `foto`) VALUES
(10209011, 'Anton Setiawan H, S.Kom., MT', 'TF3', 'S2', 'anton.jpeg'),
(10301028, 'YULIANI INDRIANINGSIH, ST, M.Kom', 'TF3', 'S2', 'yuli.jpeg'),
(10301030, 'DWI NUGRAHENY, S.Kom, MCS', 'TF3', 'S2', 'dwinugraheni_php.jpg'),
(10303032, 'HERO WINTOLO, M.Kom.', 'TF3', 'S2', 'hero.jpeg'),
(10409041, 'HARUNO SAJATI, S.T., M.Eng', 'TF3', 'S2', 'jati1.jpeg'),
(10706059, 'NURCAHYANI DR., S.Far.Apt., M.T.', 'TF3', 'S2', 'nurcahyani.jpeg'),
(10901061, 'SRI MULYANI, S.T., M.Eng', 'TP1', 'S2', 'sri.jpg'),
(10904068, 'SUDARYANTO, S.T.,M.Eng', 'TF3', 'S2', 'sudaryanto1.jpeg'),
(11001072, 'BANGGA DIRGANTARA A., S.T., M.T', 'TP1', 'S2', 'bangga.jpg'),
(11210095, 'ANGGRAENI K, S.Kom.,M.Cs', 'TF3', 'S2', 'aggra2.jpeg'),
(11409116, 'HARLIYUS AGUSTIAN, S.Kom., M.Cs.', 'TF3', 'S2', 'harlee.jpeg'),
(11611143, 'ASTIKA AYUNING TYAS, S.KOM.,M.Cs', 'TF3', 'S2', 'astika.jpeg'),
(11611144, 'ASIH PUJIASTUTI, S.KOM., M.CS.', 'TF3', 'S2', 'asih.jpeg'),
(2147483647, 'Dra. MARDIANA IRAWATY, M.Sc.St.', 'TF3', 'S3', 'mardiana.jpeg');

-- --------------------------------------------------------

--
-- Struktur dari tabel `index`
--

CREATE TABLE `index` (
  `id` int(255) NOT NULL,
  `kata_kata` varchar(100) NOT NULL,
  `no_doc` varchar(100) NOT NULL,
  `total_dokumen` int(255) NOT NULL,
  `idf` float NOT NULL
) ENGINE=InnoDB DEFAULT CHARSET=utf8mb4;

--
-- Dumping data untuk tabel `index`
--

INSERT INTO `index` (`id`, `kata_kata`, `no_doc`, `total_dokumen`, `idf`) VALUES
(1789, 'sistem', '8dede1', 12, 0.30103),
(1790, 'identifikasi', '8dede1', 1, 1.38021),
(1791, 'rusak', '8dede1', 1, 1.38021),
(1792, 'mesin', '8dede1', 5, 0.681241),
(1793, 'pada', '8dede1', 20, 0.0791812),
(1794, 'pesawat', '8dede1', 4, 0.778151),
(1795, 'bravo', '8dede1', 1, 1.38021),
(1796, 'as202', '8dede1', 1, 1.38021),
(1797, 'menggunakan', '8dede1', 21, 0.0579919),
(1798, 'backward', '8dede1', 1, 1.38021),
(1799, 'chaining', '8dede1', 1, 1.38021),
(1800, 'berbasis', '8dede1', 15, 0.20412),
(1801, 'website', '8dede1', 5, 0.681241),
(1802, 'erni', '8dede1', 1, 1.38021),
(1803, 'jumiyanti', '8dede1', 1, 1.38021),
(1804, '15030028', '8dede1', 1, 1.38021),
(1805, 'intisari', '8dede1', 20, 0.0791812),
(1806, 'penelitian', '8dede1', 7, 0.535113),
(1807, 'bahas', '8dede1', 2, 1.07918),
(1808, 'tentang', '8dede1', 6, 0.60206),
(1809, 'perancangan', '8dede1', 5, 0.681241),
(1810, 'dan', '8dede1', 21, 0.0579919),
(1811, 'penerapan', '8dede1', 4, 0.778151),
(1812, 'perangkat', '8dede1', 5, 0.681241),
(1813, 'lunak', '8dede1', 3, 0.90309),
(1814, 'militer', '8dede1', 1, 1.38021),
(1815, 'latih', '8dede1', 1, 1.38021),
(1816, 'seri', '8dede1', 1, 1.38021),
(1817, 'adanya', '8dede1', 4, 0.778151),
(1818, 'mampu', '8dede1', 4, 0.778151),
(1819, 'digunakan', '8dede1', 10, 0.380211),
(1820, 'untuk', '8dede1', 16, 0.176091),
(1821, 'tahu', '8dede1', 2, 1.07918),
(1822, 'gejala', '8dede1', 1, 1.38021),
(1823, 'dalam', '8dede1', 17, 0.149762),
(1824, 'luar', '8dede1', 4, 0.778151),
(1825, 'perawatan', '8dede1', 1, 1.38021),
(1826, 'inspection', '8dede1', 1, 1.38021),
(1827, 'pendekatan', '8dede1', 1, 1.38021),
(1828, 'menentukan', '8dede1', 8, 0.477121),
(1829, 'fakta', '8dede1', 1, 1.38021),
(1830, 'dukung', '8dede1', 2, 1.07918),
(1831, 'hipotesa-hipotesa', '8dede1', 1, 1.38021),
(1832, 'tersebut', '8dede1', 9, 0.425969),
(1833, 'ada', '8dede1', 10, 0.380211),
(1834, 'diharapkan', '8dede1', 3, 0.90309),
(1835, 'kecelakaan', '8dede1', 1, 1.38021),
(1836, 'komersil', '8dede1', 1, 1.38021),
(1837, 'ataupun', '8dede1', 1, 1.38021),
(1838, 'banyak', '8dede1', 4, 0.778151),
(1839, 'akibat', '8dede1', 1, 1.38021),
(1840, 'korban', '8dede1', 1, 1.38021),
(1841, 'beri', '8dede1', 6, 0.60206),
(1842, 'kerugian', '8dede1', 1, 1.38021),
(1843, 'bagi', '8dede1', 1, 1.38021),
(1844, 'semua', '8dede1', 6, 0.60206),
(1845, 'pihak', '8dede1', 4, 0.778151),
(1846, 'telah', '8dede1', 7, 0.535113),
(1847, 'terjadi', '8dede1', 2, 1.07918),
(1848, 'selama', '8dede1', 2, 1.07918),
(1849, 'selalu', '8dede1', 2, 1.07918),
(1850, 'dikaitkan', '8dede1', 1, 1.38021),
(1851, 'faktor', '8dede1', 1, 1.38021),
(1852, 'seperti', '8dede1', 4, 0.778151),
(1853, 'human', '8dede1', 1, 1.38021),
(1854, 'error', '8dede1', 1, 1.38021),
(1855, 'climate', '8dede1', 1, 1.38021),
(1856, 'maupun', '8dede1', 1, 1.38021),
(1857, 'engine', '8dede1', 3, 0.90309),
(1858, 'mengurangi', '8dede1', 3, 0.90309),
(1859, 'resiko', '8dede1', 1, 1.38021),
(1860, 'maka', '8dede1', 4, 0.778151),
(1861, 'butuh', '8dede1', 3, 0.90309),
(1862, 'hasil', '8dede1', 17, 0.149762),
(1863, 'aplikasi', '8dede1', 15, 0.20412),
(1864, 'berfungsi', '8dede1', 3, 0.90309),
(1865, 'mudah', '8dede1', 2, 1.07918),
(1866, 'teknisi', '8dede1', 1, 1.38021),
(1867, 'cari', '8dede1', 2, 1.07918),
(1868, 'informasi', '8dede1', 2, 1.07918),
(1869, 'kata', '8dede1', 21, 0.0579919),
(1870, 'kunci', '8dede1', 21, 0.0579919),
(1871, 'website\r\n', '8dede1', 1, 1.38021),
(1872, 'pemanfaatan', '0a8e50', 5, 0.681241),
(1873, 'firebase', '0a8e50', 2, 1.07918),
(1874, 'inventaris', '0a8e50', 1, 1.38021),
(1875, 'guna', '0a8e50', 1, 1.38021),
(1876, 'usaha', '0a8e50', 1, 1.38021),
(1877, 'mikro', '0a8e50', 1, 1.38021),
(1878, 'kecil', '0a8e50', 2, 1.07918),
(1879, 'menengah', '0a8e50', 2, 1.07918),
(1880, 'umkm', '0a8e50', 1, 1.38021),
(1881, 'studi', '0a8e50', 5, 0.681241),
(1882, 'kasus', '0a8e50', 5, 0.681241),
(1883, 'kabupaten', '0a8e50', 1, 1.38021),
(1884, 'gunung', '0a8e50', 3, 0.90309),
(1885, 'kidul', '0a8e50', 1, 1.38021),
(1886, 'adetya', '0a8e50', 1, 1.38021),
(1887, 'dyas', '0a8e50', 1, 1.38021),
(1888, 'saputra', '0a8e50', 2, 1.07918),
(1889, '15030036', '0a8e50', 1, 1.38021),
(1890, 'salah', '0a8e50', 6, 0.60206),
(1891, 'satu', '0a8e50', 6, 0.60206),
(1892, 'ujung', '0a8e50', 1, 1.38021),
(1893, 'perekonomian', '0a8e50', 1, 1.38021),
(1894, 'berdiri', '0a8e50', 2, 1.07918),
(1895, 'sendiri', '0a8e50', 1, 1.38021),
(1896, 'memiliki', '0a8e50', 4, 0.778151),
(1897, 'potensi', '0a8e50', 1, 1.38021),
(1898, 'perkembangan', '0a8e50', 3, 0.90309),
(1899, 'besar', '0a8e50', 1, 1.38021),
(1900, 'satunya', '0a8e50', 4, 0.778151),
(1901, 'gunungkidul', '0a8e50', 3, 0.90309),
(1902, 'yogyakarta', '0a8e50', 3, 0.90309),
(1903, 'beberapa', '0a8e50', 6, 0.60206),
(1904, 'kendala', '0a8e50', 2, 1.07918),
(1905, 'bisnis', '0a8e50', 1, 1.38021),
(1906, 'pemasaran', '0a8e50', 1, 1.38021),
(1907, 'manajemen', '0a8e50', 2, 1.07918),
(1908, 'produk', '0a8e50', 2, 1.07918),
(1909, 'dimana', '0a8e50', 7, 0.535113),
(1910, 'para', '0a8e50', 2, 1.07918),
(1911, 'pelaku', '0a8e50', 1, 1.38021),
(1912, 'hanya', '0a8e50', 1, 1.38021),
(1913, 'dikenal', '0a8e50', 2, 1.07918),
(1914, 'daerahnya', '0a8e50', 1, 1.38021),
(1915, 'saja', '0a8e50', 2, 1.07918),
(1916, 'kesulitan', '0a8e50', 3, 0.90309),
(1917, 'memanajemen', '0a8e50', 1, 1.38021),
(1918, 'produknya', '0a8e50', 1, 1.38021),
(1919, 'dukungan', '0a8e50', 1, 1.38021),
(1920, 'dari', '0a8e50', 19, 0.101458),
(1921, 'sisi', '0a8e50', 3, 0.90309),
(1922, 'teknologi', '0a8e50', 6, 0.60206),
(1923, 'sangat', '0a8e50', 5, 0.681241),
(1924, 'diperlukan', '0a8e50', 2, 1.07918),
(1925, 'meningkatkan', '0a8e50', 1, 1.38021),
(1926, 'laju', '0a8e50', 1, 1.38021),
(1927, 'demi', '0a8e50', 1, 1.38021),
(1928, 'mengatasi', '0a8e50', 3, 0.90309),
(1929, 'masalah', '0a8e50', 1, 1.38021),
(1930, 'biaya', '0a8e50', 1, 1.38021),
(1931, 'minim', '0a8e50', 1, 1.38021),
(1932, 'serta', '0a8e50', 3, 0.90309),
(1933, 'bekerja', '0a8e50', 2, 1.07918),
(1934, 'baik', '0a8e50', 6, 0.60206),
(1935, 'masih', '0a8e50', 6, 0.60206),
(1936, 'daerah', '0a8e50', 1, 1.38021),
(1937, 'sulit', '0a8e50', 1, 1.38021),
(1938, 'mendapatkan', '0a8e50', 2, 1.07918),
(1939, 'sinyal', '0a8e50', 1, 1.38021),
(1940, 'melakukan', '0a8e50', 7, 0.535113),
(1941, 'smartphone', '0a8e50', 2, 1.07918),
(1942, 'platform', '0a8e50', 2, 1.07918),
(1943, 'buatan', '0a8e50', 1, 1.38021),
(1944, 'google', '0a8e50', 2, 1.07918),
(1945, 'fitur', '0a8e50', 2, 1.07918),
(1946, 'unggulan', '0a8e50', 1, 1.38021),
(1947, 'realtime', '0a8e50', 1, 1.38021),
(1948, 'database', '0a8e50', 3, 0.90309),
(1949, 'cocok', '0a8e50', 2, 1.07918),
(1950, 'menanggulangi', '0a8e50', 1, 1.38021),
(1951, 'karna', '0a8e50', 1, 1.38021),
(1952, 'kemampuannya', '0a8e50', 1, 1.38021),
(1953, 'offline-capability', '0a8e50', 1, 1.38021),
(1954, '2', '0a8e50', 3, 0.90309),
(1955, 'dibuat', '0a8e50', 4, 0.778151),
(1956, 'disebut', '0a8e50', 1, 1.38021),
(1957, 'venstta', '0a8e50', 1, 1.38021),
(1958, 'mitra', '0a8e50', 1, 1.38021),
(1959, 'konsumen', '0a8e50', 1, 1.38021),
(1960, 'memasarkan', '0a8e50', 1, 1.38021),
(1961, 'stok', '0a8e50', 1, 1.38021),
(1962, 'sedangkan', '0a8e50', 6, 0.60206),
(1963, 'katalog', '0a8e50', 1, 1.38021),
(1964, 'berdasarkan', '0a8e50', 11, 0.338819),
(1965, 'pengujian', '0a8e50', 17, 0.149762),
(1966, 'diperoleh', '0a8e50', 5, 0.681241),
(1967, 'skala', '0a8e50', 1, 1.38021),
(1968, 'likert', '0a8e50', 1, 1.38021),
(1969, 'skor', '0a8e50', 1, 1.38021),
(1970, 'fungsi', '0a8e50', 7, 0.535113),
(1971, 'utama', '0a8e50', 1, 1.38021),
(1972, 'sebesar', '0a8e50', 6, 0.60206),
(1973, '788%', '0a8e50', 1, 1.38021),
(1974, 'uji', '0a8e50', 6, 0.60206),
(1975, 'ui/ux', '0a8e50', 1, 1.38021),
(1976, '696%', '0a8e50', 1, 1.38021),
(1977, '853%', '0a8e50', 1, 1.38021),
(1978, '702%', '0a8e50', 1, 1.38021),
(1979, 'sehingga', '0a8e50', 8, 0.477121),
(1980, 'kedua', '0a8e50', 2, 1.07918),
(1981, 'berjalan', '0a8e50', 8, 0.477121),
(1982, 'dapat', '0a8e50', 15, 0.20412),
(1983, 'diterapkan', '0a8e50', 3, 0.90309),
(1984, 'belah', '0a8e50', 1, 1.38021),
(1985, 'android', '0a8e50', 4, 0.778151),
(1986, 'virtual', '995487', 1, 1.38021),
(1987, 'local', '995487', 1, 1.38021),
(1988, 'area', '995487', 2, 1.07918),
(1989, 'network', '995487', 2, 1.07918),
(1990, 'vlan', '995487', 1, 1.38021),
(1991, 'web', '995487', 7, 0.535113),
(1992, 'cisco', '995487', 2, 1.07918),
(1993, 'catalyst', '995487', 2, 1.07918),
(1994, '3750', '995487', 2, 1.07918),
(1995, 'memanfaatkan', '995487', 5, 0.681241),
(1996, 'application', '995487', 3, 0.90309),
(1997, 'programming', '995487', 2, 1.07918),
(1998, 'interface', '995487', 2, 1.07918),
(1999, 'api', '995487', 5, 0.681241),
(2000, 'deno', '995487', 1, 1.38021),
(2001, 'daseftra', '995487', 1, 1.38021),
(2002, 'cessara', '995487', 1, 1.38021),
(2003, '15030006', '995487', 1, 1.38021),
(2004, 'merupakan', '995487', 9, 0.425969),
(2005, 'komputer', '995487', 5, 0.681241),
(2006, 'saat', '995487', 6, 0.60206),
(2007, 'hal', '995487', 4, 0.778151),
(2008, 'karena', '995487', 5, 0.681241),
(2009, 'membagi', '995487', 1, 1.38021),
(2010, 'jaringan', '995487', 4, 0.778151),
(2011, 'switch', '995487', 1, 1.38021),
(2012, 'menjadi', '995487', 4, 0.778151),
(2013, 'bagian-bagian', '995487', 1, 1.38021),
(2014, 'lain', '995487', 3, 0.90309),
(2015, 'sudah', '995487', 4, 0.778151),
(2016, 'menyediakan', '995487', 2, 1.07918),
(2017, 'permasalahan', '995487', 2, 1.07918),
(2018, 'ditemukan', '995487', 1, 1.38021),
(2019, 'command', '995487', 1, 1.38021),
(2020, 'line', '995487', 2, 1.07918),
(2021, 'tidak', '995487', 5, 0.681241),
(2022, 'diakses', '995487', 2, 1.07918),
(2023, 'jarak', '995487', 3, 0.90309),
(2024, 'jauh', '995487', 3, 0.90309),
(2025, 'gui', '995487', 1, 1.38021),
(2026, 'tujuan', '995487', 2, 1.07918),
(2027, 'kebebasan', '995487', 1, 1.38021),
(2028, 'pemakaian', '995487', 1, 1.38021),
(2029, 'device', '995487', 1, 1.38021),
(2030, 'harus', '995487', 3, 0.90309),
(2031, 'terfokus', '995487', 1, 1.38021),
(2032, 'jenis', '995487', 3, 0.90309),
(2033, 'penghubung', '995487', 1, 1.38021),
(2034, 'antara', '995487', 2, 1.07918),
(2035, 'bahasa', '995487', 5, 0.681241),
(2036, 'pemrograman', '995487', 4, 0.778151),
(2037, 'telnet', '995487', 1, 1.38021),
(2038, 'berperan', '995487', 1, 1.38021),
(2039, 'penting', '995487', 2, 1.07918),
(2040, 'pembuatan', '995487', 4, 0.778151),
(2041, 'akses', '995487', 2, 1.07918),
(2042, 'lebih', '995487', 6, 0.60206),
(2043, 'luas', '995487', 1, 1.38021),
(2044, 'terminal', '995487', 1, 1.38021),
(2045, 'emulator', '995487', 1, 1.38021),
(2046, 'administrator', '995487', 2, 1.07918),
(2047, 'cukup', '995487', 1, 1.38021),
(2048, 'mengujungi', '995487', 1, 1.38021),
(2049, 'ip', '995487', 1, 1.38021),
(2050, 'mengakses', '995487', 1, 1.38021),
(2051, 'port', '995487', 2, 1.07918),
(2052, 'fowarding', '995487', 1, 1.38021),
(2053, 'serveonet', '995487', 1, 1.38021),
(2054, 'penyedia', '995487', 1, 1.38021),
(2055, 'layanan', '995487', 2, 1.07918),
(2056, 'server', '995487', 4, 0.778151),
(2057, 'meski', '995487', 1, 1.38021),
(2058, 'tanpa', '995487', 2, 1.07918),
(2059, 'publik', '995487', 1, 1.38021),
(2060, 'menunjukkan', '995487', 3, 0.90309),
(2061, 'bahwa', '995487', 10, 0.380211),
(2062, 'terbukti', '995487', 1, 1.38021),
(2063, 'konfigurasi', '995487', 1, 1.38021),
(2064, 'mengatur', '995487', 1, 1.38021),
(2065, 'hubungan', '995487', 1, 1.38021),
(2066, 'antar', '995487', 1, 1.38021),
(2067, 'sesuai', '995487', 10, 0.380211),
(2068, 'kebutuhan', '995487', 6, 0.60206),
(2069, 'pendukung', 'fbab8b', 6, 0.60206),
(2070, 'keputusan', 'fbab8b', 6, 0.60206),
(2071, 'prioritas', 'fbab8b', 2, 1.07918),
(2072, 'pengajuan', 'fbab8b', 1, 1.38021),
(2073, 'beasiswa', 'fbab8b', 1, 1.38021),
(2074, 'dikpora', 'fbab8b', 1, 1.38021),
(2075, 'diy', 'fbab8b', 2, 1.07918),
(2076, 'ppa', 'fbab8b', 1, 1.38021),
(2077, 'metode', 'fbab8b', 11, 0.338819),
(2078, 'multi', 'fbab8b', 3, 0.90309),
(2079, 'objective', 'fbab8b', 1, 1.38021),
(2080, 'optimization', 'fbab8b', 3, 0.90309),
(2081, 'on', 'fbab8b', 4, 0.778151),
(2082, 'the', 'fbab8b', 4, 0.778151),
(2083, 'basis', 'fbab8b', 1, 1.38021),
(2084, 'of', 'fbab8b', 4, 0.778151),
(2085, 'ratio', 'fbab8b', 3, 0.90309),
(2086, 'analysis', 'fbab8b', 3, 0.90309),
(2087, 'sekolah', 'fbab8b', 5, 0.681241),
(2088, 'tinggi', 'fbab8b', 4, 0.778151),
(2089, 'adisutjipto', 'fbab8b', 3, 0.90309),
(2090, 'sulistyo', 'fbab8b', 1, 1.38021),
(2091, 'nugroho', 'fbab8b', 1, 1.38021),
(2092, '15030013', 'fbab8b', 1, 1.38021),
(2093, 'penentuan', 'fbab8b', 4, 0.778151),
(2094, 'dilakukan', 'fbab8b', 9, 0.425969),
(2095, 'cara', 'fbab8b', 4, 0.778151),
(2096, 'manual', 'fbab8b', 5, 0.681241),
(2097, 'perlu', 'fbab8b', 2, 1.07918),
(2098, 'membutuhkan', 'fbab8b', 4, 0.778151),
(2099, 'kriteria', 'fbab8b', 7, 0.535113),
(2100, 'setiap', 'fbab8b', 4, 0.778151),
(2101, 'mahasiswa', 'fbab8b', 2, 1.07918),
(2102, 'berhak', 'fbab8b', 1, 1.38021),
(2103, 'menerima', 'fbab8b', 1, 1.38021),
(2104, 'akan', 'fbab8b', 9, 0.425969),
(2105, 'proses', 'fbab8b', 12, 0.30103),
(2106, 'multiobjektif', 'fbab8b', 1, 1.38021),
(2107, 'pengoptimalan', 'fbab8b', 1, 1.38021),
(2108, 'atau', 'fbab8b', 5, 0.681241),
(2109, 'saling', 'fbab8b', 1, 1.38021),
(2110, 'bertentangan', 'fbab8b', 1, 1.38021),
(2111, 'secara', 'fbab8b', 8, 0.477121),
(2112, 'bersamaan', 'fbab8b', 1, 1.38021),
(2113, 'menerapkan', 'fbab8b', 3, 0.90309),
(2114, '5', 'fbab8b', 1, 1.38021),
(2115, 'langkah', 'fbab8b', 1, 1.38021),
(2116, 'perhitungan', 'fbab8b', 5, 0.681241),
(2117, 'memasukan', 'fbab8b', 1, 1.38021),
(2118, 'nilai', 'fbab8b', 8, 0.477121),
(2119, 'membuat', 'fbab8b', 2, 1.07918),
(2120, 'matriks', 'fbab8b', 1, 1.38021),
(2121, 'normalisasi', 'fbab8b', 1, 1.38021),
(2122, 'optimasi', 'fbab8b', 1, 1.38021),
(2123, 'perangkingan', 'fbab8b', 3, 0.90309),
(2124, 'diurutkan', 'fbab8b', 1, 1.38021),
(2125, 'total', 'fbab8b', 1, 1.38021),
(2126, 'moora', 'fbab8b', 3, 0.90309),
(2127, 'terbesar', 'fbab8b', 1, 1.38021),
(2128, 'data', 'fbab8b', 6, 0.60206),
(2129, 'pendafar', 'fbab8b', 1, 1.38021),
(2130, 'tahun', 'fbab8b', 2, 1.07918),
(2131, '2019', 'fbab8b', 1, 1.38021),
(2132, 'kesamaan', 'fbab8b', 1, 1.38021),
(2133, 'kemahasiswaan', 'fbab8b', 1, 1.38021),
(2134, 'kandidat', 'fbab8b', 1, 1.38021),
(2135, '100%', 'fbab8b', 2, 1.07918),
(2136, 'didapatkan', 'fbab8b', 4, 0.778151),
(2137, 'program', 'fbab8b', 1, 1.38021),
(2138, 'menunjukan', 'fbab8b', 1, 1.38021),
(2139, 'teknik', 'fbab8b', 2, 1.07918),
(2140, 'elektro', 'fbab8b', 1, 1.38021),
(2141, 'industri', 'fbab8b', 1, 1.38021),
(2142, 'informatika', 'fbab8b', 1, 1.38021),
(2143, '75%', 'fbab8b', 1, 1.38021),
(2144, '80%', 'fbab8b', 1, 1.38021),
(2145, 'dirgantara', 'fbab8b', 1, 1.38021),
(2146, '50%', 'fbab8b', 1, 1.38021),
(2147, 'aeronautika', 'fbab8b', 1, 1.38021),
(2148, 'monitoring', '0bcbcb', 1, 1.38021),
(2149, 'interfaces', '0bcbcb', 1, 1.38021),
(2150, 'ethernet', '0bcbcb', 1, 1.38021),
(2151, 'menjamin', '0bcbcb', 1, 1.38021),
(2152, 'keamanan', '0bcbcb', 2, 1.07918),
(2153, 'penggunaan', '0bcbcb', 2, 1.07918),
(2154, 'dwi', '0bcbcb', 1, 1.38021),
(2155, 'nurhayati', '0bcbcb', 1, 1.38021),
(2156, '15030016', '0bcbcb', 1, 1.38021),
(2157, 'laboratorium', '0bcbcb', 1, 1.38021),
(2158, 'suatu', '0bcbcb', 2, 1.07918),
(2159, 'instansi', '0bcbcb', 2, 1.07918),
(2160, 'terdapat', '0bcbcb', 7, 0.535113),
(2161, 'terhubung', '0bcbcb', 1, 1.38021),
(2162, 'berdampak', '0bcbcb', 1, 1.38021),
(2163, 'peningkatan', '0bcbcb', 2, 1.07918),
(2164, 'bandwidth', '0bcbcb', 1, 1.38021),
(2165, 'waktu', '0bcbcb', 3, 0.90309),
(2166, 'mengelola', '0bcbcb', 1, 1.38021),
(2167, 'management', '0bcbcb', 1, 1.38021),
(2168, 'contohnya', '0bcbcb', 1, 1.38021),
(2169, 'menuntut', '0bcbcb', 1, 1.38021),
(2170, 'berada', '0bcbcb', 4, 0.778151),
(2171, 'tempat', '0bcbcb', 3, 0.90309),
(2172, 'sama', '0bcbcb', 3, 0.90309),
(2173, 'sedang', '0bcbcb', 1, 1.38021),
(2174, 'dikelola', '0bcbcb', 2, 1.07918),
(2175, 'memonitoring', '0bcbcb', 1, 1.38021),
(2176, 'real', '0bcbcb', 1, 1.38021),
(2177, 'time', '0bcbcb', 1, 1.38021),
(2178, 'terus', '0bcbcb', 1, 1.38021),
(2179, 'mengalami', '0bcbcb', 3, 0.90309),
(2180, 'security', '0bcbcb', 2, 1.07918),
(2181, 'agar', '0bcbcb', 3, 0.90309),
(2182, 'didaftarkan', '0bcbcb', 1, 1.38021),
(2183, 'diijinkan', '0bcbcb', 1, 1.38021),
(2184, 'nantinya', '0bcbcb', 1, 1.38021),
(2185, 'memudahkan', '0bcbcb', 2, 1.07918),
(2186, 'perintah', '0bcbcb', 1, 1.38021),
(2187, '-command', '0bcbcb', 1, 1.38021),
(2188, 'browser', '0bcbcb', 3, 0.90309),
(2189, 'personal', '0bcbcb', 3, 0.90309),
(2190, 'responsive', '0bcbcb', 1, 1.38021),
(2191, 'pemilihan', 'f24c23', 3, 0.90309),
(2192, 'lokasi', 'f24c23', 3, 0.90309),
(2193, 'outbound', 'f24c23', 2, 1.07918),
(2194, 'object', 'f24c23', 2, 1.07918),
(2195, 'base', 'f24c23', 2, 1.07918),
(2196, 'istiqomah', 'f24c23', 2, 1.07918),
(2197, 'nuraini', 'f24c23', 2, 1.07918),
(2198, '15030017', 'f24c23', 2, 1.07918),
(2199, 'terkomputeriasi', 'f24c23', 2, 1.07918),
(2200, 'membantu', 'f24c23', 4, 0.778151),
(2201, 'pengguna', 'f24c23', 3, 0.90309),
(2202, 'mengambil', 'f24c23', 2, 1.07918),
(2203, 'spk', 'f24c23', 2, 1.07918),
(2204, 'belajar', 'f24c23', 3, 0.90309),
(2205, 'alam', 'f24c23', 2, 1.07918),
(2206, 'terbuka', 'f24c23', 2, 1.07918),
(2207, 'atas', 'f24c23', 2, 1.07918),
(2208, 'dasar', 'f24c23', 3, 0.90309),
(2209, 'pengalaman', 'f24c23', 2, 1.07918),
(2210, 'langsung', 'f24c23', 3, 0.90309),
(2211, 'disajikan', 'f24c23', 2, 1.07918),
(2212, 'bentuk', 'f24c23', 4, 0.778151),
(2213, 'permainan', 'f24c23', 2, 1.07918),
(2214, 'diskusi', 'f24c23', 2, 1.07918),
(2215, 'petualangan', 'f24c23', 2, 1.07918),
(2216, 'peserta', 'f24c23', 2, 1.07918),
(2217, 'mendapat', 'f24c23', 3, 0.90309),
(2218, 'umpan', 'f24c23', 2, 1.07918),
(2219, 'balik', 'f24c23', 2, 1.07918),
(2220, 'dampak', 'f24c23', 2, 1.07918),
(2221, 'kegiatan', 'f24c23', 2, 1.07918),
(2222, 'berguna', 'f24c23', 3, 0.90309),
(2223, 'pengembangan', 'f24c23', 2, 1.07918),
(2224, 'diri', 'f24c23', 2, 1.07918),
(2225, 'kedepannya', 'f24c23', 2, 1.07918),
(2226, 'bobot', 'f24c23', 2, 1.07918),
(2227, 'kemudian', 'f24c23', 5, 0.681241),
(2228, 'dilanjutkan', 'f24c23', 3, 0.90309),
(2229, 'menyeleksi', 'f24c23', 2, 1.07918),
(2230, 'alternatif', 'f24c23', 4, 0.778151),
(2231, 'terbaik', 'f24c23', 2, 1.07918),
(2232, 'sejumlah', 'f24c23', 2, 1.07918),
(2233, 'home', 'f24c23', 2, 1.07918),
(2234, 'page', 'f24c23', 2, 1.07918),
(2235, 'php', 'f24c23', 3, 0.90309),
(2236, 'didesain', 'f24c23', 2, 1.07918),
(2237, 'dibuatlah', 'f24c23', 3, 0.90309),
(2238, 'dirancang', 'f24c23', 3, 0.90309),
(2239, 'black', 'f24c23', 7, 0.535113),
(2240, 'box', 'f24c23', 7, 0.535113),
(2241, 'menunujukkan', 'f24c23', 2, 1.07918),
(2242, 'altenatif', 'f24c23', 2, 1.07918),
(2243, 'purba', 'f24c23', 2, 1.07918),
(2244, 'nglanggeran', 'f24c23', 2, 1.07918),
(2245, '01507', 'f24c23', 2, 1.07918),
(2246, 'air', 'f24c23', 2, 1.07918),
(2247, 'terjun', 'f24c23', 2, 1.07918),
(2248, 'sri', 'f24c23', 2, 1.07918),
(2249, 'getuk', 'f24c23', 2, 1.07918),
(2250, '00909', 'f24c23', 2, 1.07918),
(2251, 'kampung', 'f24c23', 2, 1.07918),
(2252, 'jelok', 'f24c23', 2, 1.07918),
(2253, '001497', 'f24c23', 2, 1.07918),
(2254, 'goa', 'f24c23', 2, 1.07918),
(2255, 'pindul', 'f24c23', 2, 1.07918),
(2256, '000182', 'f24c23', 2, 1.07918),
(2257, 'pantai', 'f24c23', 2, 1.07918),
(2258, 'sundak', 'f24c23', 2, 1.07918),
(2259, '-007192', 'f24c23', 2, 1.07918),
(2260, 'wulenpari', 'f24c23', 2, 1.07918),
(2261, '-008854', 'f24c23', 2, 1.07918),
(2262, 'terakhir', 'f24c23', 2, 1.07918),
(2263, 'indrayanti', 'f24c23', 2, 1.07918),
(2264, '-013179', 'f24c23', 2, 1.07918),
(2265, 'kelayakan', '07423e', 3, 0.90309),
(2266, 'siswa', '07423e', 1, 1.38021),
(2267, 'penerima', '07423e', 1, 1.38021),
(2268, 'reward', '07423e', 1, 1.38021),
(2269, 'weighted', '07423e', 3, 0.90309),
(2270, 'product', '07423e', 3, 0.90309),
(2271, 'novanda', '07423e', 1, 1.38021),
(2272, 'sandiantara', '07423e', 1, 1.38021),
(2273, '15030020', '07423e', 1, 1.38021),
(2274, 'kejuruan', '07423e', 1, 1.38021),
(2275, 'bina', '07423e', 1, 1.38021),
(2276, 'harapan', '07423e', 1, 1.38021),
(2277, 'sleman', '07423e', 1, 1.38021),
(2278, 'dua', '07423e', 3, 0.90309),
(2279, 'jurusan', '07423e', 1, 1.38021),
(2280, 'pemboran', '07423e', 1, 1.38021),
(2281, 'minyak', '07423e', 1, 1.38021),
(2282, 'kualitas', '07423e', 1, 1.38021),
(2283, 'mengajar', '07423e', 1, 1.38021),
(2284, 'akademik', '07423e', 1, 1.38021),
(2285, 'non', '07423e', 2, 1.07918),
(2286, 'semakin', '07423e', 2, 1.07918),
(2287, 'maju', '07423e', 1, 1.38021),
(2288, 'smk', '07423e', 1, 1.38021),
(2289, 'menambah', '07423e', 1, 1.38021),
(2290, 'motivasi', '07423e', 1, 1.38021),
(2291, 'diberikan', '07423e', 1, 1.38021),
(2292, 'kepada', '07423e', 1, 1.38021),
(2293, 'kriteria-kriteria', '07423e', 1, 1.38021),
(2294, 'ditetapkan', '07423e', 1, 1.38021),
(2295, 'guru-guru', '07423e', 1, 1.38021),
(2296, 'empat', '07423e', 2, 1.07918),
(2297, 'rapot', '07423e', 1, 1.38021),
(2298, 'absen', '07423e', 1, 1.38021),
(2299, 'extrakurikuler', '07423e', 1, 1.38021),
(2300, 'sikap', '07423e', 1, 1.38021),
(2301, 'diolah', '07423e', 1, 1.38021),
(2302, 'pedukung', '07423e', 1, 1.38021),
(2303, 'layak', '07423e', 1, 1.38021),
(2304, 'kelas', '07423e', 1, 1.38021),
(2305, '12', '07423e', 1, 1.38021),
(2306, 'berjumlah', '07423e', 1, 1.38021),
(2307, '35', '07423e', 1, 1.38021),
(2308, 'pengolahan', '07423e', 1, 1.38021),
(2309, 'vektor', '07423e', 1, 1.38021),
(2310, 'v', '07423e', 1, 1.38021),
(2311, 'tertinggi', '07423e', 2, 1.07918),
(2312, 'dimiliki', '07423e', 1, 1.38021),
(2313, 'veni', '07423e', 1, 1.38021),
(2314, 'nur', '07423e', 2, 1.07918),
(2315, 'aviani', '07423e', 1, 1.38021),
(2316, '003263', '07423e', 1, 1.38021),
(2317, 'terendah', '07423e', 2, 1.07918),
(2318, 'muhammad', '07423e', 3, 0.90309),
(2319, 'alif', '07423e', 1, 1.38021),
(2320, 'i', '07423e', 1, 1.38021),
(2321, '001901', '07423e', 1, 1.38021),
(2322, 'media', '92aa0a', 4, 0.778151),
(2323, 'pembelajaran', '92aa0a', 3, 0.90309),
(2324, 'komponen', '92aa0a', 2, 1.07918),
(2325, 'terbang', '92aa0a', 4, 0.778151),
(2326, 'kerja', '92aa0a', 1, 1.38021),
(2327, 'turbofan', '92aa0a', 1, 1.38021),
(2328, 'siklus', '92aa0a', 1, 1.38021),
(2329, 'ideal', '92aa0a', 2, 1.07918),
(2330, 'geby', '92aa0a', 1, 1.38021),
(2331, 'nauly', '92aa0a', 1, 1.38021),
(2332, 'pakpahan', '92aa0a', 1, 1.38021),
(2333, '15030024', '92aa0a', 1, 1.38021),
(2334, 'bagian', '92aa0a', 2, 1.07918),
(2335, 'mempelajari', '92aa0a', 2, 1.07918),
(2336, 'perubahan', '92aa0a', 2, 1.07918),
(2337, 'tekanan', '92aa0a', 2, 1.07918),
(2338, 'suhu', '92aa0a', 2, 1.07918),
(2339, 'udara', '92aa0a', 2, 1.07918),
(2340, 'ditunjukkan', '92aa0a', 2, 1.07918),
(2341, 'warna', '92aa0a', 2, 1.07918),
(2342, 'suara', '92aa0a', 1, 1.38021),
(2343, 'perputaran', '92aa0a', 1, 1.38021),
(2344, 'juga', '92aa0a', 6, 0.60206),
(2345, 'menurut', '92aa0a', 1, 1.38021),
(2346, 'gaya', '92aa0a', 1, 1.38021),
(2347, 'thrust', '92aa0a', 2, 1.07918),
(2348, '1', '92aa0a', 2, 1.07918),
(2349, 'sampai', '92aa0a', 1, 1.38021),
(2350, '6', '92aa0a', 1, 1.38021),
(2351, 'rpm', '92aa0a', 1, 1.38021),
(2352, 'keadaan', '92aa0a', 1, 1.38021),
(2353, 'ground', '92aa0a', 1, 1.38021),
(2354, 'terpengaruh', '92aa0a', 1, 1.38021),
(2355, 'ketinggian', '92aa0a', 1, 1.38021),
(2356, 'velocity', '92aa0a', 1, 1.38021),
(2357, 'kecepatan', '92aa0a', 4, 0.778151),
(2358, 'f/mo', '92aa0a', 1, 1.38021),
(2359, '5930794', '92aa0a', 1, 1.38021),
(2360, 'lbf/lbm/sec', '92aa0a', 1, 1.38021),
(2361, '6rpm', '92aa0a', 1, 1.38021),
(2362, 'simulasi', '92aa0a', 3, 0.90309),
(2363, 'petama', '92aa0a', 1, 1.38021),
(2364, 'modelling', '92aa0a', 2, 1.07918),
(2365, 'blender', '92aa0a', 4, 0.778151),
(2366, 'setelah', '92aa0a', 1, 1.38021),
(2367, 'selanjutnya', '92aa0a', 1, 1.38021),
(2368, 'animation', '92aa0a', 2, 1.07918),
(2369, 'unity', '92aa0a', 4, 0.778151),
(2370, 'white', '92aa0a', 2, 1.07918),
(2371, 'terhadap', '92aa0a', 4, 0.778151),
(2372, 'gas', '92aa0a', 1, 1.38021),
(2373, 'turbine', '92aa0a', 1, 1.38021),
(2374, 'desktop', '92aa0a', 3, 0.90309),
(2375, 'disimpulkan', '92aa0a', 1, 1.38021),
(2376, 'berhasil', '92aa0a', 1, 1.38021),
(2377, 'kriptografi', '36cb2a', 1, 1.38021),
(2378, 'jawa', '36cb2a', 1, 1.38021),
(2379, 'walikan', '36cb2a', 1, 1.38021),
(2380, 'ellyana', '36cb2a', 1, 1.38021),
(2381, 'mega', '36cb2a', 1, 1.38021),
(2382, 'dewantri', '36cb2a', 1, 1.38021),
(2383, 'astuti', '36cb2a', 1, 1.38021),
(2384, '15030027', '36cb2a', 1, 1.38021),
(2385, 'ilmu', '36cb2a', 1, 1.38021),
(2386, 'pengamanan', '36cb2a', 1, 1.38021),
(2387, 'pesan', '36cb2a', 1, 1.38021),
(2388, 'mengacak', '36cb2a', 1, 1.38021),
(2389, 'enkripsi', '36cb2a', 1, 1.38021),
(2390, 'dikembalikan', '36cb2a', 1, 1.38021),
(2391, 'lagi', '36cb2a', 2, 1.07918),
(2392, 'kebentuk', '36cb2a', 1, 1.38021),
(2393, 'aslinya', '36cb2a', 1, 1.38021),
(2394, 'deskripsi', '36cb2a', 1, 1.38021),
(2395, 'mana', '36cb2a', 1, 1.38021),
(2396, 'pembentukannya', '36cb2a', 1, 1.38021),
(2397, 'pergeseran', '36cb2a', 1, 1.38021),
(2398, 'letak', '36cb2a', 1, 1.38021),
(2399, 'huruf', '36cb2a', 2, 1.07918),
(2400, 'aksara', '36cb2a', 1, 1.38021),
(2401, 'sepuluh', '36cb2a', 1, 1.38021),
(2402, 'aturan', '36cb2a', 1, 1.38021),
(2403, 'baris', '36cb2a', 1, 1.38021),
(2404, 'pertama', '36cb2a', 2, 1.07918),
(2405, 'digeser', '36cb2a', 1, 1.38021),
(2406, 'ke', '36cb2a', 5, 0.681241),
(2407, 'tiga', '36cb2a', 2, 1.07918),
(2408, 'lancar', '36cb2a', 1, 1.38021),
(2409, 'diberbagai', '36cb2a', 1, 1.38021),
(2410, 'syarat', '36cb2a', 1, 1.38021),
(2411, 'koneksi', '36cb2a', 1, 1.38021),
(2412, 'internet', '36cb2a', 1, 1.38021),
(2413, 'namun', '36cb2a', 1, 1.38021),
(2414, 'jika', '36cb2a', 2, 1.07918),
(2415, 'dienkripsi', '36cb2a', 1, 1.38021),
(2416, 'm', '36cb2a', 1, 1.38021),
(2417, 'p', '36cb2a', 1, 1.38021),
(2418, 'berurutan', '36cb2a', 1, 1.38021),
(2419, 'pengembalian', '36cb2a', 2, 1.07918),
(2420, 'benar', '36cb2a', 1, 1.38021),
(2421, 'pencarian', '7c8d23', 1, 1.38021),
(2422, 'prefix', '7c8d23', 1, 1.38021),
(2423, 'postfix', '7c8d23', 1, 1.38021),
(2424, 'desynta', '7c8d23', 1, 1.38021),
(2425, 'karmila', '7c8d23', 1, 1.38021),
(2426, 'sari', '7c8d23', 1, 1.38021),
(2427, '15030031', '7c8d23', 1, 1.38021),
(2428, 'belum', '7c8d23', 2, 1.07918),
(2429, 'penambahan', '7c8d23', 1, 1.38021),
(2430, 'pengulangan', '7c8d23', 1, 1.38021),
(2431, 'penggabungan', '7c8d23', 2, 1.07918),
(2432, 'dihasilkan', '7c8d23', 1, 1.38021),
(2433, 'berimbuhan', '7c8d23', 1, 1.38021),
(2434, 'menghilangkan', '7c8d23', 1, 1.38021),
(2435, 'imbuhan', '7c8d23', 1, 1.38021),
(2436, 'awalan', '7c8d23', 1, 1.38021),
(2437, 'akhiran', '7c8d23', 1, 1.38021),
(2438, 'gabungan', '7c8d23', 1, 1.38021),
(2439, 'nol', '7c8d23', 1, 1.38021),
(2440, 'simbol', '7c8d23', 1, 1.38021),
(2441, 'karakter', '7c8d23', 1, 1.38021),
(2442, 'belakang', '7c8d23', 1, 1.38021),
(2443, 'depan', '7c8d23', 1, 1.38021),
(2444, 'rancangan', '7c8d23', 1, 1.38021),
(2445, 'tombol', '7c8d23', 1, 1.38021),
(2446, 'apabila', '7c8d23', 1, 1.38021),
(2447, 'diklik', '7c8d23', 1, 1.38021),
(2448, 'menuju', '7c8d23', 1, 1.38021),
(2449, 'halaman', '7c8d23', 1, 1.38021),
(2450, 'diinginkan', '7c8d23', 2, 1.07918),
(2451, 'kolom', '7c8d23', 1, 1.38021),
(2452, 'diinputkan', '7c8d23', 2, 1.07918),
(2453, 'inputan', '7c8d23', 3, 0.90309),
(2454, 'fungsional', '7c8d23', 1, 1.38021),
(2455, 'keberhasilan', '7c8d23', 2, 1.07918),
(2456, '6020%', '7c8d23', 1, 1.38021),
(2457, 'kegagalan', '7c8d23', 1, 1.38021),
(2458, '3980%', '7c8d23', 1, 1.38021),
(2459, 'berupa', '7c8d23', 5, 0.681241),
(2460, 'berawalan', '7c8d23', 1, 1.38021),
(2461, 'berakhiran', '7c8d23', 1, 1.38021),
(2462, 'jumlah', '7c8d23', 2, 1.07918),
(2463, 'absensi', '759b6f', 1, 1.38021),
(2464, 'penanganan', '759b6f', 1, 1.38021),
(2465, 'ujian', '759b6f', 1, 1.38021),
(2466, 'paperless', '759b6f', 2, 1.07918),
(2467, 'yasifa', '759b6f', 1, 1.38021),
(2468, 'yuri', '759b6f', 1, 1.38021),
(2469, 'haqli', '759b6f', 1, 1.38021),
(2470, 'sukma', '759b6f', 1, 1.38021),
(2471, '15030032', '759b6f', 1, 1.38021),
(2472, 'stt', '759b6f', 1, 1.38021),
(2473, 'kertas', '759b6f', 1, 1.38021),
(2474, 'konsep', '759b6f', 1, 1.38021),
(2475, 'bisa', '759b6f', 1, 1.38021),
(2476, 'tugas', '759b6f', 4, 0.778151),
(2477, 'akhir', '759b6f', 5, 0.681241),
(2478, 'qr', '759b6f', 1, 1.38021),
(2479, 'code', '759b6f', 1, 1.38021),
(2480, 'upaya', '759b6f', 1, 1.38021),
(2481, 'mengefisiensi', '759b6f', 1, 1.38021),
(2482, 'dibangun', '759b6f', 3, 0.90309),
(2483, 'html', '759b6f', 1, 1.38021),
(2484, 'postgresql', '759b6f', 1, 1.38021),
(2485, 'cepat', '759b6f', 1, 1.38021),
(2486, 'menit', '759b6f', 1, 1.38021),
(2487, '15', '759b6f', 1, 1.38021),
(2488, 'detik', '759b6f', 1, 1.38021),
(2489, 'dibandingkan', '759b6f', 1, 1.38021),
(2490, '139', '759b6f', 1, 1.38021),
(2491, '%', '759b6f', 1, 1.38021),
(2492, 'kapasitas', '759b6f', 2, 1.07918),
(2493, 'cpu', '759b6f', 1, 1.38021),
(2494, '07', '759b6f', 1, 1.38021),
(2495, 'restful', 'ed9c61', 1, 1.38021),
(2496, 'mobile', 'ed9c61', 1, 1.38021),
(2497, 'based', 'ed9c61', 2, 1.07918),
(2498, 'test', 'ed9c61', 1, 1.38021),
(2499, 'sertifikasi', 'ed9c61', 1, 1.38021),
(2500, 'karyawan', 'ed9c61', 2, 1.07918),
(2501, 'pt', 'ed9c61', 2, 1.07918),
(2502, 'garuda', 'ed9c61', 1, 1.38021),
(2503, 'maintenace', 'ed9c61', 1, 1.38021),
(2504, 'facilty', 'ed9c61', 1, 1.38021),
(2505, 'aeroasia', 'ed9c61', 2, 1.07918),
(2506, 'tbk', 'ed9c61', 2, 1.07918),
(2507, 'satya', 'ed9c61', 1, 1.38021),
(2508, 'wira', 'ed9c61', 1, 1.38021),
(2509, 'wicaksana', 'ed9c61', 1, 1.38021),
(2510, '15030033', 'ed9c61', 1, 1.38021),
(2511, 'merancang', 'ed9c61', 1, 1.38021),
(2512, 'maintenance', 'ed9c61', 2, 1.07918),
(2513, 'facility', 'ed9c61', 1, 1.38021),
(2514, 'framework', 'ed9c61', 1, 1.38021),
(2515, 'studio', 'ed9c61', 1, 1.38021),
(2516, 'codeigneter', 'ed9c61', 1, 1.38021),
(2517, 'gmfadmin', 'ed9c61', 1, 1.38021),
(2518, 'memonitor', 'ed9c61', 1, 1.38021),
(2519, 'tes', 'ed9c61', 1, 1.38021),
(2520, 'gmf', 'ed9c61', 2, 1.07918),
(2521, 'transfer', 'ed9c61', 1, 1.38021),
(2522, 'tersimpan', 'ed9c61', 1, 1.38021),
(2523, 'meliputi', 'ed9c61', 3, 0.90309),
(2524, 'fungsionalitas', 'ed9c61', 3, 0.90309),
(2525, 'whitebox', 'ed9c61', 1, 1.38021),
(2526, 'menyatakan', 'ed9c61', 4, 0.778151),
(2527, 'button', 'ed9c61', 3, 0.90309),
(2528, 'fungsinya', 'ed9c61', 4, 0.778151),
(2529, '3', 'ed9c61', 2, 1.07918),
(2530, 'path', 'ed9c61', 1, 1.38021),
(2531, 'hari', 'ed9c61', 1, 1.38021),
(2532, 'tingkat', 'ed9c61', 2, 1.07918),
(2533, '8', 'ed9c61', 3, 0.90309),
(2534, 'play', '59e414', 1, 1.38021),
(2535, 'service', '59e414', 1, 1.38021),
(2536, 'mengukur', '59e414', 1, 1.38021),
(2537, 'drone', '59e414', 1, 1.38021),
(2538, 'client', '59e414', 1, 1.38021),
(2539, 'daewu', '59e414', 1, 1.38021),
(2540, 'gus', '59e414', 1, 1.38021),
(2541, 'bintara', '59e414', 1, 1.38021),
(2542, 'putra', '59e414', 2, 1.07918),
(2543, '15030038', '59e414', 1, 1.38021),
(2544, 'peralatan', '59e414', 1, 1.38021),
(2545, 'pilot', '59e414', 1, 1.38021),
(2546, 'dikendalikan', '59e414', 1, 1.38021),
(2547, 'remote', '59e414', 1, 1.38021),
(2548, 'control', '59e414', 1, 1.38021),
(2549, 'kontrolnya', '59e414', 1, 1.38021),
(2550, 'diketahui', '59e414', 1, 1.38021),
(2551, 'melalui', '59e414', 1, 1.38021),
(2552, 'client-server', '59e414', 1, 1.38021),
(2553, 'dibumi', '59e414', 1, 1.38021),
(2554, 'my', '59e414', 1, 1.38021),
(2555, 'dibawa', '59e414', 1, 1.38021),
(2556, 'admin', '59e414', 1, 1.38021),
(2557, 'memantau', '59e414', 1, 1.38021),
(2558, 'library', '59e414', 2, 1.07918),
(2559, 'didapat', '59e414', 1, 1.38021),
(2560, 'dikirim', '59e414', 1, 1.38021),
(2561, 'real-time', '59e414', 1, 1.38021),
(2562, 'pengiriman', '59e414', 1, 1.38021),
(2563, 'horisontal', '59e414', 1, 1.38021),
(2564, 'vertikal', '59e414', 1, 1.38021),
(2565, 'terdeteksi', '59e414', 2, 1.07918),
(2566, 'baterai', '59e414', 1, 1.38021),
(2567, 'penurunan', '59e414', 1, 1.38021),
(2568, '12583', '59e414', 1, 1.38021),
(2569, 'km/jam', '59e414', 1, 1.38021),
(2570, '60%', '59e414', 1, 1.38021),
(2571, '23%', '59e414', 1, 1.38021),
(2572, 'energi', '59e414', 1, 1.38021),
(2573, 'menggerakkan', '59e414', 1, 1.38021),
(2574, 'mencapai', '59e414', 1, 1.38021),
(2575, 'perbandingan', '0cf9c8', 1, 1.38021),
(2576, 'profile', '0cf9c8', 1, 1.38021),
(2577, 'matching', '0cf9c8', 1, 1.38021),
(2578, 'calon', '0cf9c8', 1, 1.38021),
(2579, 'pengajar', '0cf9c8', 1, 1.38021),
(2580, 'biasa', '0cf9c8', 1, 1.38021),
(2581, 'slb', '0cf9c8', 1, 1.38021),
(2582, 'pamardi', '0cf9c8', 1, 1.38021),
(2583, 'dian', '0cf9c8', 1, 1.38021),
(2584, 'fitasari', '0cf9c8', 1, 1.38021),
(2585, 'duru', '0cf9c8', 1, 1.38021),
(2586, '1503004', '0cf9c8', 1, 1.38021),
(2587, 'abstrak', '0cf9c8', 1, 1.38021),
(2588, 'penulis', '0cf9c8', 1, 1.38021),
(2589, 'menanggani', '0cf9c8', 1, 1.38021),
(2590, 'anak-anak', '0cf9c8', 1, 1.38021),
(2591, 'berkebutuhan', '0cf9c8', 1, 1.38021),
(2592, 'khusus', '0cf9c8', 1, 1.38021),
(2593, 'penyeleksian', '0cf9c8', 1, 1.38021),
(2594, 'efektif', '0cf9c8', 1, 1.38021),
(2595, 'akurat', '0cf9c8', 1, 1.38021),
(2596, 'kebutuhkan', '0cf9c8', 1, 1.38021),
(2597, 'peneliti', '0cf9c8', 1, 1.38021),
(2598, 'tahap', '0cf9c8', 1, 1.38021),
(2599, 'penetuan', '0cf9c8', 1, 1.38021),
(2600, 'membandingkan', '0cf9c8', 1, 1.38021),
(2601, 'output', '0cf9c8', 2, 1.07918),
(2602, 'berbeda', '0cf9c8', 3, 0.90309),
(2603, 'portable', '1b691d', 1, 1.38021),
(2604, 'document', '1b691d', 1, 1.38021),
(2605, 'format', '1b691d', 1, 1.38021),
(2606, 'javascript', '1b691d', 1, 1.38021),
(2607, 'pdfjs', '1b691d', 1, 1.38021),
(2608, 'mengamankan', '1b691d', 1, 1.38021),
(2609, 'e-book', '1b691d', 1, 1.38021),
(2610, 'e-library', '1b691d', 1, 1.38021),
(2611, 'agung', '1b691d', 1, 1.38021),
(2612, 'nugraha', '1b691d', 1, 1.38021),
(2613, '15030043', '1b691d', 1, 1.38021),
(2614, 'perpustakaan', '1b691d', 1, 1.38021),
(2615, 'stta', '1b691d', 1, 1.38021),
(2616, 'unit', '1b691d', 1, 1.38021),
(2617, 'sejak', '1b691d', 1, 1.38021),
(2618, '2002', '1b691d', 1, 1.38021),
(2619, 'pinjam', '1b691d', 1, 1.38021),
(2620, 'buku', '1b691d', 1, 1.38021),
(2621, 'anggota', '1b691d', 1, 1.38021),
(2622, 'dosen', '1b691d', 2, 1.07918),
(2623, 'peminjaman', '1b691d', 1, 1.38021),
(2624, 'berwujud', '1b691d', 1, 1.38021),
(2625, 'fisik', '1b691d', 1, 1.38021),
(2626, 'berlangsung', '1b691d', 1, 1.38021),
(2627, 'hingga', '1b691d', 1, 1.38021),
(2628, 'jumlahnya', '1b691d', 1, 1.38021),
(2629, 'bertambah', '1b691d', 1, 1.38021),
(2630, 'menyita', '1b691d', 1, 1.38021),
(2631, 'ruang', '1b691d', 1, 1.38021),
(2632, 'dikaji', '1b691d', 1, 1.38021),
(2633, 'tetapi', '1b691d', 2, 1.07918),
(2634, 'digital', '1b691d', 1, 1.38021),
(2635, 'disimpan', '1b691d', 1, 1.38021),
(2636, 'modern', '1b691d', 1, 1.38021),
(2637, 'sumber', '1b691d', 2, 1.07918),
(2638, 'pendidikan', '1b691d', 1, 1.38021),
(2639, 'kemudahan', '1b691d', 1, 1.38021),
(2640, 'alur', '1b691d', 1, 1.38021),
(2641, 'pembatasan', '1b691d', 1, 1.38021),
(2642, 'dokumen', '1b691d', 1, 1.38021),
(2643, 'pdf', '1b691d', 1, 1.38021),
(2644, 'implementasi', '1b691d', 2, 1.07918),
(2645, 'viewer', '1b691d', 1, 1.38021),
(2646, 'render', '1b691d', 1, 1.38021),
(2647, 'canvas', '1b691d', 1, 1.38021),
(2648, 'mengahalau', '1b691d', 1, 1.38021),
(2649, 'pengunduhan', '1b691d', 1, 1.38021),
(2650, 'ilegal', '1b691d', 1, 1.38021),
(2651, 'buka', '1b691d', 1, 1.38021),
(2652, 'dipengaruhi', '1b691d', 1, 1.38021),
(2653, 'konten', '1b691d', 1, 1.38021),
(2654, 'didalam', '1b691d', 1, 1.38021),
(2655, 'ukuran', '1b691d', 1, 1.38021),
(2656, 'file', '1b691d', 2, 1.07918),
(2657, 'utilization', '1b691d', 1, 1.38021),
(2658, 'to', '1b691d', 1, 1.38021),
(2659, 'secure', '1b691d', 1, 1.38021),
(2660, 'in', '1b691d', 1, 1.38021),
(2661, 'by', '1b691d', 1, 1.38021),
(2662, 'abstract', '1b691d', 1, 1.38021),
(2663, 'established', '1b691d', 1, 1.38021),
(2664, 'become', '1b691d', 1, 1.38021),
(2665, 'an', '1b691d', 1, 1.38021),
(2666, 'important', '1b691d', 1, 1.38021),
(2667, 'part', '1b691d', 2, 1.07918),
(2668, 'function', '1b691d', 1, 1.38021),
(2669, 'stta’s', '1b691d', 1, 1.38021),
(2670, 'it', '1b691d', 1, 1.38021),
(2671, 'self', '1b691d', 1, 1.38021),
(2672, 'is', '1b691d', 1, 1.38021),
(2673, 'provide', '1b691d', 1, 1.38021),
(2674, 'books', '1b691d', 1, 1.38021),
(2675, 'rental', '1b691d', 1, 1.38021),
(2676, 'and', '1b691d', 1, 1.38021),
(2677, 'return', '1b691d', 1, 1.38021),
(2678, 'services', '1b691d', 1, 1.38021),
(2679, 'this', '1b691d', 1, 1.38021),
(2680, 'case', '1b691d', 1, 1.38021),
(2681, 'students', '1b691d', 1, 1.38021),
(2682, 'lecturers', '1b691d', 1, 1.38021),
(2683, 'employees', '1b691d', 1, 1.38021),
(2684, 'process', '1b691d', 1, 1.38021),
(2685, 'borrowing', '1b691d', 1, 1.38021),
(2686, 'manually', '1b691d', 1, 1.38021),
(2687, 'with', '1b691d', 1, 1.38021),
(2688, 'tangible', '1b691d', 1, 1.38021),
(2689, 'have', '1b691d', 1, 1.38021),
(2690, 'been', '1b691d', 1, 1.38021),
(2691, 'physically', '1b691d', 1, 1.38021),
(2692, 'present', '1b691d', 1, 1.38021),
(2693, 'today', '1b691d', 1, 1.38021),
(2694, 'amount', '1b691d', 1, 1.38021),
(2695, 'which', '1b691d', 1, 1.38021),
(2696, 'always', '1b691d', 1, 1.38021),
(2697, 'increasing', '1b691d', 1, 1.38021),
(2698, 'every', '1b691d', 1, 1.38021),
(2699, 'year', '1b691d', 1, 1.38021),
(2700, 'are', '1b691d', 1, 1.38021),
(2701, 'very', '1b691d', 1, 1.38021),
(2702, 'confiscated', '1b691d', 1, 1.38021),
(2703, 'place', '1b691d', 1, 1.38021),
(2704, 'so', '1b691d', 1, 1.38021),
(2705, 'should', '1b691d', 1, 1.38021),
(2706, 'be', '1b691d', 1, 1.38021),
(2707, 'suggested', '1b691d', 1, 1.38021),
(2708, 'that', '1b691d', 1, 1.38021),
(2709, 'form', '1b691d', 1, 1.38021),
(2710, 'but', '1b691d', 1, 1.38021),
(2711, 'or', '1b691d', 1, 1.38021),
(2712, 'can', '1b691d', 1, 1.38021),
(2713, 'store', '1b691d', 1, 1.38021),
(2714, 'computer', '1b691d', 1, 1.38021),
(2715, 'these', '1b691d', 1, 1.38021),
(2716, 'types', '1b691d', 1, 1.38021),
(2717, 'libraries', '1b691d', 1, 1.38021),
(2718, 'known', '1b691d', 1, 1.38021),
(2719, 'as', '1b691d', 1, 1.38021),
(2720, 'a', '1b691d', 1, 1.38021),
(2721, 'provides', '1b691d', 1, 1.38021),
(2722, 'educational', '1b691d', 1, 1.38021),
(2723, 'resources', '1b691d', 1, 1.38021),
(2724, 'greater', '1b691d', 1, 1.38021),
(2725, 'ease', '1b691d', 1, 1.38021),
(2726, 'working', '1b691d', 1, 1.38021),
(2727, 'systems', '1b691d', 1, 1.38021),
(2728, 'same', '1b691d', 1, 1.38021),
(2729, 'existsing', '1b691d', 1, 1.38021),
(2730, 'also', '1b691d', 1, 1.38021),
(2731, 'essential', '1b691d', 1, 1.38021),
(2732, 'restricting', '1b691d', 1, 1.38021),
(2733, 'access', '1b691d', 1, 1.38021),
(2734, 'documents', '1b691d', 1, 1.38021),
(2735, 'implementing', '1b691d', 1, 1.38021),
(2736, 'using', '1b691d', 1, 1.38021),
(2737, 'rendering', '1b691d', 1, 1.38021),
(2738, 'into', '1b691d', 1, 1.38021),
(2739, 'cavas', '1b691d', 1, 1.38021),
(2740, 'able', '1b691d', 1, 1.38021),
(2741, 'minimize', '1b691d', 1, 1.38021),
(2742, 'illegal', '1b691d', 1, 1.38021),
(2743, 'downloads', '1b691d', 1, 1.38021),
(2744, 'testing', '1b691d', 1, 1.38021),
(2745, 'result', '1b691d', 1, 1.38021),
(2746, 'run', '1b691d', 1, 1.38021),
(2747, 'well', '1b691d', 1, 1.38021),
(2748, 'speed', '1b691d', 1, 1.38021),
(2749, 'open', '1b691d', 1, 1.38021),
(2750, 'affected', '1b691d', 1, 1.38021),
(2751, 'content', '1b691d', 1, 1.38021),
(2752, 'size', '1b691d', 1, 1.38021),
(2753, 'keywords', '1b691d', 1, 1.38021),
(2754, 'guest', '088a71', 1, 1.38021),
(2755, 'star', '088a71', 1, 1.38021),
(2756, 'e-marketplace', '088a71', 1, 1.38021),
(2757, 'ali', '088a71', 1, 1.38021),
(2758, 'sofyan', '088a71', 1, 1.38021),
(2759, '15030049', '088a71', 1, 1.38021),
(2760, 'didefinisikan', '088a71', 1, 1.38021),
(2761, 'jual', '088a71', 1, 1.38021),
(2762, 'beli', '088a71', 1, 1.38021),
(2763, 'barang', '088a71', 1, 1.38021),
(2764, 'jasa', '088a71', 1, 1.38021),
(2765, 'online', '088a71', 1, 1.38021),
(2766, 'developer', '088a71', 1, 1.38021),
(2767, 'dalamnya', '088a71', 1, 1.38021),
(2768, 'disediakan', '088a71', 1, 1.38021),
(2769, 'penjual', '088a71', 1, 1.38021),
(2770, 'event', '088a71', 1, 1.38021),
(2771, 'biasanya', '088a71', 1, 1.38021),
(2772, 'bintang', '088a71', 1, 1.38021),
(2773, 'tamu', '088a71', 1, 1.38021),
(2774, 'diminta', '088a71', 1, 1.38021),
(2775, 'penyelenggara', '088a71', 1, 1.38021),
(2776, 'acara', '088a71', 1, 1.38021),
(2777, 'tampil', '088a71', 1, 1.38021),
(2778, 'pengisi', '088a71', 1, 1.38021),
(2779, 'disebuah', '088a71', 1, 1.38021),
(2780, 'sering', '088a71', 1, 1.38021),
(2781, 'kali', '088a71', 1, 1.38021),
(2782, 'acaranya', '088a71', 1, 1.38021),
(2783, 'musisi', '088a71', 1, 1.38021),
(2784, 'penari', '088a71', 1, 1.38021),
(2785, 'sebagainya', '088a71', 1, 1.38021),
(2786, 'mempromosikan', '088a71', 1, 1.38021),
(2787, 'jasanya', '088a71', 1, 1.38021),
(2788, 'menciptakan', '088a71', 1, 1.38021),
(2789, 'pasar', '088a71', 1, 1.38021),
(2790, 'pertunjukan', '088a71', 1, 1.38021),
(2791, 'harga', '088a71', 1, 1.38021),
(2792, 'diujikan', '088a71', 1, 1.38021),
(2793, 'sebanyak', '088a71', 1, 1.38021),
(2794, 'sembilan', '088a71', 1, 1.38021),
(2795, 'terdiri', '088a71', 1, 1.38021),
(2796, 'wilayah', '088a71', 1, 1.38021),
(2797, 'chrome', '088a71', 1, 1.38021),
(2798, 'mozilla', '088a71', 1, 1.38021),
(2799, 'opera', '088a71', 1, 1.38021),
(2800, 'microsoft', '088a71', 1, 1.38021),
(2801, 'edge', '088a71', 1, 1.38021),
(2802, 'validasi', '088a71', 2, 1.07918),
(2803, 'mempunyai', '088a71', 2, 1.07918),
(2804, 'keseluruhan', '088a71', 1, 1.38021),
(2805, 'frengki', '088a71', 1, 1.38021),
(2806, 'sermadi', '088a71', 1, 1.38021),
(2807, '0135234', '088a71', 1, 1.38021),
(2808, 'sanggar', '088a71', 1, 1.38021),
(2809, 'titik', '088a71', 1, 1.38021),
(2810, '0083222', '088a71', 1, 1.38021),
(2811, 'pengeluaran', '48ece9', 1, 1.38021),
(2812, 'rutin', '48ece9', 1, 1.38021),
(2813, 'multi-attributive', '48ece9', 1, 1.38021),
(2814, 'border', '48ece9', 1, 1.38021),
(2815, 'approximation', '48ece9', 1, 1.38021),
(2816, 'comparison', '48ece9', 1, 1.38021),
(2817, 'mabac', '48ece9', 1, 1.38021),
(2818, 'masjid', '48ece9', 1, 1.38021),
(2819, 'an-nuur', '48ece9', 1, 1.38021),
(2820, 'pandeyan\r\n', '48ece9', 1, 1.38021),
(2821, 'simulator', '4fe80b', 2, 1.07918),
(2822, 'modul', '4fe80b', 1, 1.38021),
(2823, 'avionics', '4fe80b', 1, 1.38021),
(2824, 'sscvr', '4fe80b', 1, 1.38021),
(2825, 'pn', '4fe80b', 1, 1.38021),
(2826, '980-6022-001', '4fe80b', 1, 1.38021),
(2827, 'aircraft', '4fe80b', 1, 1.38021),
(2828, 'battery', '4fe80b', 1, 1.38021),
(2829, '405ch', '4fe80b', 1, 1.38021),
(2830, 'shop', '4fe80b', 1, 1.38021),
(2831, 'dwinny', '4fe80b', 1, 1.38021),
(2832, 'puspa', '4fe80b', 1, 1.38021),
(2833, 'dinar', '4fe80b', 1, 1.38021),
(2834, 'saputri', '4fe80b', 1, 1.38021),
(2835, '15030056', '4fe80b', 1, 1.38021),
(2836, 'dimanfaatkan', '4fe80b', 1, 1.38021),
(2837, 'penunjang', '4fe80b', 1, 1.38021),
(2838, 'mengembangkan', '4fe80b', 1, 1.38021),
(2839, 'inovatif', '4fe80b', 1, 1.38021),
(2840, 'interaktif', '4fe80b', 1, 1.38021),
(2841, 'berisi', '4fe80b', 1, 1.38021),
(2842, 'materi', '4fe80b', 3, 0.90309),
(2843, 'pengenalan', '4fe80b', 1, 1.38021),
(2844, 'pembongkaran', '4fe80b', 1, 1.38021),
(2845, 'perakitan', '4fe80b', 1, 1.38021),
(2846, 'bertujuan', '4fe80b', 2, 1.07918),
(2847, '3d', '4fe80b', 2, 1.07918),
(2848, 'pemodelan', '4fe80b', 2, 1.07918),
(2849, 'aset', '4fe80b', 2, 1.07918),
(2850, 'pakar', '4fe80b', 3, 0.90309),
(2851, 'verifikasi', '4fe80b', 1, 1.38021),
(2852, 'mengenai', '4fe80b', 2, 1.07918),
(2853, 'penilaian', '4fe80b', 1, 1.38021),
(2854, 'rata-rata', '4fe80b', 1, 1.38021),
(2855, '904', '4fe80b', 1, 1.38021),
(2856, 'termasuk', '4fe80b', 1, 1.38021),
(2857, 'kategori', '4fe80b', 1, 1.38021),
(2858, '“sangat', '4fe80b', 1, 1.38021),
(2859, 'bagus”', '4fe80b', 1, 1.38021),
(2860, 'dinyatakan', '4fe80b', 1, 1.38021),
(2861, 'memenuhi', '4fe80b', 1, 1.38021),
(2862, 'mendasari', '4fe80b', 1, 1.38021),
(2863, 'berkepentingan', '4fe80b', 1, 1.38021),
(2864, 'dijalankan', '4fe80b', 2, 1.07918),
(2865, 'assemble-disassemble', '4fe80b', 1, 1.38021),
(2866, 'component', '4fe80b', 1, 1.38021),
(2867, 'flight', 'c18d2b', 1, 1.38021),
(2868, 'take', 'c18d2b', 1, 1.38021),
(2869, 'off', 'c18d2b', 1, 1.38021),
(2870, 'boeing', 'c18d2b', 1, 1.38021),
(2871, '737-300', 'c18d2b', 1, 1.38021),
(2872, 'series', 'c18d2b', 1, 1.38021),
(2873, 'dimensi', 'c18d2b', 1, 1.38021),
(2874, 'irfan', 'c18d2b', 1, 1.38021),
(2875, '15030061', 'c18d2b', 1, 1.38021),
(2876, 'peniruan', 'c18d2b', 1, 1.38021),
(2877, 'kondisi', 'c18d2b', 1, 1.38021),
(2878, 'menggambarkan', 'c18d2b', 1, 1.38021),
(2879, 'perilaku', 'c18d2b', 1, 1.38021),
(2880, 'kenyataan', 'c18d2b', 1, 1.38021),
(2881, 'interaksi', 'c18d2b', 1, 1.38021),
(2882, 'mensimulasikan', 'c18d2b', 1, 1.38021),
(2883, 'kejadian-kejadian', 'c18d2b', 1, 1.38021),
(2884, 'membatu', 'c18d2b', 1, 1.38021),
(2885, 'system', 'c18d2b', 1, 1.38021),
(2886, 'belajar-mengajar', 'c18d2b', 1, 1.38021),
(2887, 'take-off', 'c18d2b', 1, 1.38021),
(2888, 'berisikan', 'c18d2b', 1, 1.38021),
(2889, 'penjelasan', 'c18d2b', 1, 1.38021),
(2890, 'weight', 'c18d2b', 1, 1.38021),
(2891, 'lepas', 'c18d2b', 1, 1.38021),
(2892, 'landas', 'c18d2b', 1, 1.38021),
(2893, 'pengaturan', 'c18d2b', 1, 1.38021),
(2894, 'flaps', 'c18d2b', 1, 1.38021),
(2895, 'memahami', 'c18d2b', 1, 1.38021),
(2896, 'v1', 'c18d2b', 1, 1.38021),
(2897, 'vr', 'c18d2b', 1, 1.38021),
(2898, 'v2', 'c18d2b', 1, 1.38021),
(2899, 'pengumpulan', 'c18d2b', 1, 1.38021),
(2900, 'observasi', 'c18d2b', 1, 1.38021),
(2901, 'analisa', 'c18d2b', 1, 1.38021),
(2902, 'kepustakaan', 'c18d2b', 1, 1.38021),
(2903, 'asset', 'c18d2b', 1, 1.38021),
(2904, '2d', 'c18d2b', 1, 1.38021),
(2905, 'photoshop', 'c18d2b', 1, 1.38021),
(2906, 'pemberian', 'c18d2b', 1, 1.38021),
(2907, 'kuisioner', 'c18d2b', 1, 1.38021),
(2908, 'terbantu', 'c18d2b', 1, 1.38021),
(2909, 'mata', 'c18d2b', 1, 1.38021),
(2910, 'kuliah', 'c18d2b', 2, 1.07918),
(2911, 'dunia', 'c18d2b', 1, 1.38021),
(2912, 'penerbangan', 'c18d2b', 1, 1.38021),
(2913, 'menyampaikan', 'c18d2b', 2, 1.07918),
(2914, 'operasi', 'c18d2b', 2, 1.07918),
(2915, 'windows', 'c18d2b', 2, 1.07918),
(2916, '7', 'c18d2b', 2, 1.07918),
(2917, '10', 'c18d2b', 2, 1.07918),
(2918, 'type', 'c18d2b', 1, 1.38021),
(2919, '64-bit', 'c18d2b', 1, 1.38021),
(2920, 'eksekusi', 'c18d2b', 1, 1.38021),
(2921, 'animasi', '92da12', 1, 1.38021),
(2922, 'performa', '92da12', 1, 1.38021),
(2923, 'spey', '92da12', 1, 1.38021),
(2924, 'mk', '92da12', 1, 1.38021),
(2925, '555-15', '92da12', 1, 1.38021),
(2926, 'turbojet', '92da12', 1, 1.38021),
(2927, 'benny', '92da12', 1, 1.38021),
(2928, 'arian', '92da12', 1, 1.38021),
(2929, '15030065', '92da12', 1, 1.38021),
(2930, 'combustion', '92da12', 1, 1.38021),
(2931, 'chamber', '92da12', 1, 1.38021),
(2932, 'percepatan', '92da12', 1, 1.38021),
(2933, 'perpuataran', '92da12', 1, 1.38021),
(2934, 'kompresor', '92da12', 1, 1.38021),
(2935, 'throttle', '92da12', 1, 1.38021),
(2936, 'sfc', '92da12', 1, 1.38021),
(2937, 'n1', '92da12', 1, 1.38021),
(2938, 'n2', '92da12', 1, 1.38021),
(2939, 'perhitungannya', '92da12', 1, 1.38021),
(2940, '64', '92da12', 1, 1.38021),
(2941, 'bit', '92da12', 1, 1.38021),
(2942, 'informatif', '92da12', 1, 1.38021),
(2943, 'dimengerti', '92da12', 1, 1.38021),
(2944, 'input', '92da12', 1, 1.38021),
(2945, 'naik', '92da12', 1, 1.38021),
(2946, 'spesific', '92da12', 1, 1.38021),
(2947, 'fuel', '92da12', 1, 1.38021),
(2948, 'consumption', '92da12', 1, 1.38021),
(2949, 'turun', '92da12', 1, 1.38021),
(2950, 'analisis', '5744d8', 1, 1.38021),
(2951, 'knowledge', '5744d8', 1, 1.38021),
(2952, 'acquisition', '5744d8', 1, 1.38021),
(2953, 'haartraining', '5744d8', 1, 1.38021),
(2954, 'deteksi', '5744d8', 1, 1.38021),
(2955, 'obyek', '5744d8', 1, 1.38021),
(2956, 'viola', '5744d8', 1, 1.38021),
(2957, 'jones', '5744d8', 1, 1.38021),
(2958, 'hanifah', '5744d8', 1, 1.38021),
(2959, '15030066', '5744d8', 1, 1.38021),
(2960, 'daya', '5744d8', 1, 1.38021),
(2961, 'berbanding', '5744d8', 1, 1.38021),
(2962, 'lurus', '5744d8', 1, 1.38021),
(2963, 'banyaknya', '5744d8', 1, 1.38021),
(2964, 'training', '5744d8', 1, 1.38021),
(2965, 'akurasi', '5744d8', 1, 1.38021),
(2966, 'pendeteksian', '5744d8', 1, 1.38021),
(2967, 'lama', '5744d8', 1, 1.38021),
(2968, 'diakibatkan', '5744d8', 1, 1.38021),
(2969, 'spesifikasi', '5744d8', 1, 1.38021),
(2970, 'rendah', '5744d8', 1, 1.38021),
(2971, 'pembagian', '5744d8', 1, 1.38021),
(2972, 'mempercepat', '5744d8', 1, 1.38021),
(2973, 'pembentukan', '5744d8', 1, 1.38021),
(2974, 'vector', '5744d8', 1, 1.38021),
(2975, 'meminimalisir', '5744d8', 1, 1.38021),
(2976, 'kesalahan', '5744d8', 1, 1.38021),
(2977, 'pemotongan', '5744d8', 1, 1.38021),
(2978, 'haar', '5744d8', 1, 1.38021),
(2979, 'positif', '5744d8', 1, 1.38021),
(2980, 'muncul', '5744d8', 1, 1.38021),
(2981, 'berikutnya', '5744d8', 1, 1.38021),
(2982, 'bagaimana', '5744d8', 1, 1.38021),
(2983, 'peroleh', '5744d8', 1, 1.38021),
(2984, 'pengetahuan', '5744d8', 1, 1.38021),
(2985, 'usulan', '5744d8', 1, 1.38021),
(2986, 'pengaruhnya', '5744d8', 1, 1.38021),
(2987, 'viola-jones', '5744d8', 1, 1.38021),
(2988, '23689%', '5744d8', 1, 1.38021),
(2989, '65584%', '5744d8', 1, 1.38021),
(2990, 'classifier', '5744d8', 1, 1.38021);

-- --------------------------------------------------------

--
-- Struktur dari tabel `kata_imbuhan`
--

CREATE TABLE `kata_imbuhan` (
  `id` varchar(10) NOT NULL,
  `kata_imbuhan` varchar(100) NOT NULL,
  `kata_dasar` varchar(100) NOT NULL
) ENGINE=InnoDB DEFAULT CHARSET=utf8mb4;

--
-- Dumping data untuk tabel `kata_imbuhan`
--

INSERT INTO `kata_imbuhan` (`id`, `kata_imbuhan`, `kata_dasar`) VALUES
('0754', 'mencari', 'cari'),
('1638', 'dikarenakan', 'karena'),
('20cf', 'kerusakan', 'rusak'),
('222c', 'mendukung', 'dukung'),
('36d5', 'membahas', 'bahas'),
('450f', 'menghasilkan', 'hasil'),
('6efb', 'mengakibatkan', 'akibat'),
('b0f8', 'memberikan', 'beri'),
('d2a0', 'mengetahui', 'tahu'),
('e708', 'mengidentifikasi', 'identifikasi'),
('eb24', 'dibutuhkan', 'butuh'),
('feb7', 'mempermudah', 'mudah');

-- --------------------------------------------------------

--
-- Struktur dari tabel `kata_kunci`
--

CREATE TABLE `kata_kunci` (
  `id` int(255) NOT NULL,
  `kata` varchar(20) NOT NULL,
  `idf` float NOT NULL
) ENGINE=InnoDB DEFAULT CHARSET=utf8mb4;

--
-- Dumping data untuk tabel `kata_kunci`
--

INSERT INTO `kata_kunci` (`id`, `kata`, `idf`) VALUES
(1, 'virtual', 0.477121),
(2, 'network', 0.477121);

-- --------------------------------------------------------

--
-- Struktur dari tabel `mahasiswa`
--

CREATE TABLE `mahasiswa` (
  `nim` int(8) NOT NULL,
  `nama` varchar(100) NOT NULL,
  `prodi` varchar(100) NOT NULL
) ENGINE=InnoDB DEFAULT CHARSET=utf8mb4;

--
-- Dumping data untuk tabel `mahasiswa`
--

INSERT INTO `mahasiswa` (`nim`, `nama`, `prodi`) VALUES
(15030006, 'DENO DASEFTRA CESSARA', 'TF3'),
(15030007, 'RETNO DEWI IRIANTI ', 'TF3'),
(15030011, 'FAJAR TAQY WICAHYA', 'TF3'),
(15030013, 'SULISTYO NUGROHO', 'TF3'),
(15030016, 'DWI NURHAYATI', 'TF3'),
(15030017, 'ISTIQOMAH NURAINI', 'TF3'),
(15030019, 'MUHAMMAD ZAENUDIN SANI ', 'TF3'),
(15030020, 'NOVANDA SANDIANTARA', 'TF3'),
(15030024, 'GEBY NAULY PAKPAHAN', 'TF3'),
(15030025, 'MUHAMMAD VARIAN SAYOGA', 'TF3'),
(15030027, 'ELLYANA MEGA DEWANTRI ASTUTI', 'TF3'),
(15030028, 'ERNI JUMIYANTI', 'TF3'),
(15030031, 'DESYNTA KARMILA SARI', 'TF3'),
(15030032, 'YASIFA YURI HAQLI SUKMA', 'TF3'),
(15030033, 'SATYA WIRA WICAKSANA', 'TF3'),
(15030036, 'ADETYA DYAS SAPUTRA ', 'TF3'),
(15030038, 'DAEWU GUS BINTARA PUTRA ', 'TF3'),
(15030039, 'QATRUNNADA HUMAIRA L ', 'TF3'),
(15030041, 'DIAN FITASARI DURU', 'TF3'),
(15030043, 'AGUNG NUGRAHA', 'TF3'),
(15030049, 'MUHAMMAD ALI SOFYAN', 'TF3'),
(15030052, 'BIMA PRIYOGA WASKITA', 'TF3'),
(15030056, 'DWINNY PUSPA DINAR SAPUTRI', 'TF3'),
(15030061, 'MUHAMMAD IRFAN', 'TF3'),
(15030065, 'BENNY ARIAN SAPUTRA ', 'TF3'),
(15030066, 'NUR HANIFAH', 'TF3');

-- --------------------------------------------------------

--
-- Struktur dari tabel `pecah_kata`
--

CREATE TABLE `pecah_kata` (
  `id` int(255) NOT NULL,
  `kata_kata` varchar(100) NOT NULL,
  `no_doc` varchar(100) NOT NULL,
  `total_dokumen` int(255) NOT NULL,
  `idf` float NOT NULL
) ENGINE=InnoDB DEFAULT CHARSET=utf8mb4;

-- --------------------------------------------------------

--
-- Struktur dari tabel `pencarian`
--

CREATE TABLE `pencarian` (
  `id` varchar(10) NOT NULL,
  `judul_pencarian` varchar(255) NOT NULL,
  `waktu` timestamp NOT NULL DEFAULT current_timestamp() ON UPDATE current_timestamp(),
  `dosen` varchar(255) NOT NULL,
  `nilai` int(10) NOT NULL
) ENGINE=InnoDB DEFAULT CHARSET=utf8mb4;

--
-- Dumping data untuk tabel `pencarian`
--

INSERT INTO `pencarian` (`id`, `judul_pencarian`, `waktu`, `dosen`, `nilai`) VALUES
('16f1c314f5', 'sistem pendukung keputusan', '2020-11-17 05:59:54', 'HARUNO SAJATI, S.T., M.Eng', 2),
('1aaab7638e', 'sistem pendukung keputusan', '2020-11-17 05:59:54', 'Dra. MARDIANA IRAWATY, M.Sc.St.', 5),
('1f31761a92', 'pesawat terbang', '2020-11-17 06:00:14', 'ASTIKA AYUNING TYAS, S.KOM.,M.Cs', 1),
('2d216ddc6a', 'sistem pendukung keputusan', '2020-11-17 05:59:54', 'SUDARYANTO, S.T.,M.Eng', 3),
('45b7ee3071', 'sistem pendukung keputusan', '2020-11-17 05:59:54', 'ASIH PUJIASTUTI, S.KOM., M.CS.', 3),
('4b29c5326e', 'pesawat terbang', '2020-11-17 06:00:14', 'BANGGA DIRGANTARA A., S.T., M.T', 1),
('5ca98e21af', 'pesawat terbang', '2020-11-17 06:00:14', 'ANGGRAENI K, S.Kom.,M.Cs', 1),
('77cf3f1e05', 'pesawat terbang', '2020-11-17 06:00:14', 'HERO WINTOLO, M.Kom.', 1),
('860d8e4eb8', 'sistem pendukung keputusan', '2020-11-17 05:59:54', 'BANGGA DIRGANTARA A., S.T., M.T', 1),
('8aee0b60c9', 'sistem pendukung keputusan', '2020-11-17 05:59:54', 'ANGGRAENI K, S.Kom.,M.Cs', 1),
('8c12c6c11b', 'sistem pendukung keputusan', '2020-11-17 05:59:54', 'NURCAHYANI DR., S.Far.Apt., M.T.', 2),
('93326ff45c', 'sistem pendukung keputusan', '2020-11-17 05:59:54', 'Anton Setiawan H, S.Kom., MT', 4),
('9b2892f5fd', 'pesawat terbang', '2020-11-17 06:00:14', 'Dra. MARDIANA IRAWATY, M.Sc.St.', 2),
('b5aa32c5da', 'sistem pendukung keputusan', '2020-11-17 05:59:54', 'ASTIKA AYUNING TYAS, S.KOM.,M.Cs', 3),
('f28a9a2c42', 'pesawat terbang', '2020-11-17 06:00:14', 'SRI MULYANI, S.T., M.Eng', 1),
('f36189946a', 'pesawat terbang', '2020-11-17 06:00:14', 'NURCAHYANI DR., S.Far.Apt., M.T.', 3);

-- --------------------------------------------------------

--
-- Struktur dari tabel `program_studi`
--

CREATE TABLE `program_studi` (
  `kd_program_studi` varchar(10) NOT NULL,
  `program_studi` varchar(100) NOT NULL
) ENGINE=InnoDB DEFAULT CHARSET=utf8mb4;

--
-- Dumping data untuk tabel `program_studi`
--

INSERT INTO `program_studi` (`kd_program_studi`, `program_studi`) VALUES
('TE2', 'Teknik Elektro'),
('TF3', 'Informatika'),
('TP1', 'Teknik Penerbangan');

-- --------------------------------------------------------

--
-- Struktur dari tabel `req_bimbingan`
--

CREATE TABLE `req_bimbingan` (
  `id_reg` varchar(10) NOT NULL,
  `mahasiswa` int(10) NOT NULL,
  `judul_proposal` varchar(100) NOT NULL
) ENGINE=InnoDB DEFAULT CHARSET=utf8mb4;

-- --------------------------------------------------------

--
-- Struktur dari tabel `sample`
--

CREATE TABLE `sample` (
  `no_reg` varchar(10) NOT NULL,
  `mahasiswa` int(10) NOT NULL,
  `judul_skripsi` text NOT NULL,
  `abstrak` text NOT NULL,
  `dp_satu` int(10) NOT NULL,
  `dp_dua` int(10) NOT NULL
) ENGINE=InnoDB DEFAULT CHARSET=utf8mb4;

--
-- Dumping data untuk tabel `sample`
--

INSERT INTO `sample` (`no_reg`, `mahasiswa`, `judul_skripsi`, `abstrak`, `dp_satu`, `dp_dua`) VALUES
('07423e', 15030020, 'SISTEM PENDUKUNG KEPUTUSAN BERBASIS ANDROID UNTUK MENENTUKAN KELAYAKAN SISWA PENERIMA REWARD MENGGUNAKAN METODE WEIGHTED PRODUCT', 'SISTEM PENDUKUNG KEPUTUSAN BERBASIS ANDROID UNTUK MENENTUKAN KELAYAKAN SISWA PENERIMA REWARD MENGGUNAKAN METODE WEIGHTED PRODUCT Novanda Sandiantara 15030020 INTISARI Sekolah Menengah Kejuruan Bina Harapan Sleman memiliki dua jurusan yaitu Teknik Komputer dan Jaringan Serta Teknik Pemboran Minyak. Adanya peningkatan kualitas belajar mengajar baik secara akademik dan non akademik yang semakin maju di SMK Bina Harapan, akan menambah motivasi siswa untuk mendapat reward. Reward akan diberikan kepada siswa berdasarkan kriteria-kriteria yang sudah ditetapkan oleh guru-guru. Terdapat empat kriteria yang digunakan untuk menentukan reward yaitu nilai rapot, absen, extrakurikuler, dan sikap. Kriteria-kriteria tersebut kemudian diolah menggunakan aplikasi sistem pendukung keputusan berbasis Android. Aplikasi sistem pedukung keputusan digunakan untuk menentukan siswa layak mendapat reward yang diolah menggunakan metode Weighted Product. Kemudian data alternatif yang digunakan adalah siswa SMK Bina Harapan kelas 12 yang berjumlah 35 siswa. Hasil dari pengolahan sistem dan manual sudah sesuai dengan hasil perhitungan, vektor V tertinggi dimiliki oleh Veni Nur Aviani dengan nilai 0,03263 dan terendah dimiliki oleh Muhammad Alif Nur I dengan nilai 0,01901. Kata Kunci: Reward, Sistem Pendukung Keputusan, Weighted Product, Android.', 11611144, 10409041),
('088a71', 15030049, 'SISTEM PENDUKUNG KEPUTUSAN PENENTUAN GUEST STAR PADA E-MARKETPLACE BERBASIS WEB MENGGUNAKAN METODE WEIGHTED PRODUCT', 'SISTEM PENDUKUNG KEPUTUSAN PENENTUAN GUEST STAR PADA E-MARKETPLACE BERBASIS WEB MENGGUNAKAN METODE WEIGHTED PRODUCT Muhammad Ali Sofyan 15030049 INTISARI E-marketplace didefinisikan sebagai sebuah tempat jual beli barang dan jasa secara online yang dikelola oleh satu pihak yaitu developer, kemudian produk yang ada di dalamnya disediakan oleh pihak lain yaitu penjual. Dalam sebuah event biasanya ada bintang tamu (guest star) yang diminta penyelenggara acara untuk tampil sebagai pengisi acara disebuah event. Para penyelenggara event sering kali kesulitan dalam mencari guest star yang sesuai dengan kebutuhan untuk acaranya, di sisi lain para pengisi event seperti musisi, penari dan lain sebagainya juga kesulitan dalam mempromosikan jasanya. Metode weighted product dapat diterapkan untuk aplikasi sistem pendukung keputusan penentuan guest star pada e-marketplace berbasis web. Tujuan dari tugas akhir ini adalah untuk memberikan alternatif keputusan pemilihan guest star yang sesuai kriteria dengan menggunakan metode weighted product dan menciptakan sebuah pasar online untuk mendapatkan guest star yang sesuai dengan yang diharapkan. Terdapat tiga kriteria yang digunakan untuk menentukan guest star pada e-marketplace ini, yaitu jenis pertunjukan, harga dan lokasi. Sedangkan untuk alternatif yang diujikan sebanyak sembilan alternatif yang terdiri dari guest star yang ada di wilayah DIY. Hasil dari uji fungsionalitas berdasarkan pengujian black box menggunakan browser chrome, mozilla, opera dan Microsoft edge menyatakan bahwa semua fungsi validasi dan button yang ada pada e-marketplace dapat berjalan sesuai dengan fungsinya. Pengujian hasil implementasi sudah sesuai dengan perhitungan weighted product, yaitu guest star yang mempunyai hasil tertinggi dari keseluruhan adalah Frengki Sermadi dengan nilai 0,135234, sedangkan guest star yang mempunyai hasil terendah dari keseluruhan adalah Sanggar Titik Dua dengan nilai 0,083222. Kata Kunci: Sistem Pendukung Keputusan, Weighted Product, E-marketplace, Guest star, Website', 11210095, 11611144),
('0a8e50', 15030036, 'Pemanfaatan Firebase Pada Aplikasi Inventaris Guna Mendukung Usaha Mikro Kecil dan Menengah (UMKM) (Studi Kasus Kabupaten Gunung Kidul)', 'PEMANFAATAN FIREBASE PADA APLIKASI INVENTARIS GUNA MENDUKUNG USAHA MIKRO KECIL DAN MENENGAH (UMKM) (STUDI KASUS KABUPATEN GUNUNG KIDUL) Adetya Dyas Saputra 15030036 INTISARI UMKM adalah salah satu ujung perekonomian yang berdiri sendiri dan memiliki potensi perkembangan yang besar, salah satunya di Gunungkidul, Yogyakarta. Beberapa kendala pada bisnis UMKM ini salah satunya yaitu pada pemasaran dan manajemen produk, dimana para pelaku UMKM hanya dikenal di daerahnya saja dan kesulitan dalam memanajemen produknya. Dukungan dari sisi teknologi sangat diperlukan untuk meningkatkan laju perekonomian UMKM demi mengatasi masalah tersebut, dengan biaya yang minim serta mampu bekerja dengan baik di Kabupaten Gunungkidul dimana masih banyak daerah yang sulit mendapatkan sinyal untuk melakukan pemasaran dengan menggunakan smartphone. Firebase adalah platform buatan Google yang memiliki fitur unggulan realtime database yang sangat cocok untuk menanggulangi masalah tersebut karna kemampuannya yaitu offline-capability. Ada 2 aplikasi yang dibuat, untuk pelaku bisnis UMKM yang disebut Venstta Mitra dan untuk konsumen yang disebut Venstta. Venstta Mitra berfungsi untuk memasarkan produk UMKM serta melakukan manajemen stok, sedangkan Venstta berfungsi sebagai katalog produk UMKM. Berdasarkan pengujian yang diperoleh menggunakan skala Likert, Venstta Mitra memiliki skor pengujian fungsi fitur utama sebesar 78,8% dan uji UI/UX sebesar 69,6% sedangkan Venstta memiliki skor pengujian fungsi fitur utama sebesar 85,3% dan Uji UI/UX sebesar 70,2%, sehingga kedua aplikasi tersebut berjalan dan dapat diterapkan oleh kedua belah pihak. Kata kunci : Gunungkidul, Inventaris, UMKM, Firebase, Android', 11611144, 11611143),
('0bcbcb', 15030016, 'MONITORING INTERFACES ETHERNET PADA CISCO CATALYST 3750 UNTUK MENJAMIN KEAMANAN PENGGUNAAN JARINGAN ', 'MONITORING INTERFACES ETHERNET PADA CISCO CATALYST 3750 UNTUK MENJAMIN KEAMANAN PENGGUNAAN JARINGAN KOMPUTER Oleh Dwi Nurhayati 15030016 INTISARI Di laboratorium komputer suatu instansi terdapat banyak perangkat komputer yang terhubung dengan jaringan, hal tersebut berdampak pada peningkatan kebutuhan jaringan dalam hal ini penggunaan bandwidth. Sehingga administrator membutuhkan banyak waktu untuk mengelola jaringan seperti monitoring dan management, contohnya pada perangkat Cisco Catalyst 3750. Hal ini menuntut administrator harus berada di tempat yang sama dengan perangkat jaringan yang sedang dikelola. Oleh karena itu, diperlukan sistem yang dapat memonitoring jaringan dari jarak jauh. Dimana sistem monitoring interfaces ethernet bekerja secara real time dan mampu mengatasi penggunaan jaringan komputer yang terus mengalami peningkatan. Sistem monitoring interfaces ethernet menerapkan port security pada sistem jaringan komputer yang berfungsi sebagai sistem keamanan jaringan komputer agar dapat mengurangi penggunaan jaringan di luar perangkat komputer yang telah didaftarkan atau diijinkan. Sistem monitoring interfaces ethernet yang berbasis Web ini nantinya akan digunakan untuk monitoring dan management perangkat Cisco Catalyst 3750 dengan memanfaatkan API. Hasil dari pengujian menunjukkan bahwa aplikasi dapat memudahkan administrator dalam mengelola jaringan, karena semua fungsi atau perintah yang ada di sistem monitoring interfaces ethernet sama dengan perintah yang ada di-command line. Selain itu, aplikasi monitoring interfaces ethernet dapat berjalan di Browser pada perangkat personal komputer dan smartphone secara responsive. Kata kunci : Port security, monitoring, interfaces ethernet, Cisco Catalyst, API.', 11611143, 10904068),
('0cf9c8', 15030041, 'PERBANDINGAN METODE PROFILE MATCHING DAN WEIGHTED PRODUCT DALAM PENENTUAN CALON PENGAJAR SEKOLAH LUAR BIASA (SLB) BERBASIS WEBSITE (Studi Kasus SLB Pamardi Putra Yogyakarta)', 'PERBANDINGAN METODE PROFILE MATCHING DAN WEIGHTED PRODUCT DALAM PENENTUAN CALON PENGAJAR SEKOLAH LUAR BIASA (SLB) BERBASIS WEBSITE (Studi Kasus SLB Pamardi Putra Yogyakarta) Oleh Dian Fitasari Duru 1503004 ABSTRAK Pada penelitian ini penulis akan membahas tentang perancangan dan penerapan perangkat lunak berbasis website untuk penentuan calon pengajar pada sekolah luar biasa, dimana pada instansi ini menanggani anak-anak berkebutuhan khusus sehingga dibutuhkan pengajar yang sesuai untuk anak-anak tersebut, penentuan calon pengajar harus dilakukan menggunakan sistem penyeleksian yang efektif dan akurat dengan memiliki kriteria sesuai dengan kebutuhkan. Untuk mengetahui calon pengajar yang sesuai, peneliti menerapkan sistem pendukung keputusan sebagai proses penentuan dengan menggunakan metode profile matching dan weighted product sebagai tahap perhitungan perbandingan untuk hasil penetuan calon pengajar. Dalam penelitian ini membandingkan metode profile matching dan weighted product untuk menentukan dan memudahkan sistem penyeleksian calon pengajar SLB yang sesuai dengan kriteria diinginkan. Hasil dari penelitian ini, menghasilkan output yang berbeda. Kata Kunci: Perbandingan Metode Sistem Pendukung Keputusan, Profile Matching, Weighted Product, Website', 10209011, 2147483647),
('1b691d', 15030043, 'PEMANFAATAN LIBRARY PORTABLE DOCUMENT FORMAT JAVASCRIPT (PDF.js) UNTUK MENGAMANKAN E-BOOK PADA E-LIBRARY SEKOLAH TINGGI TEKNOLOGI ADISUTJIPTO', 'PEMANFAATAN LIBRARY PORTABLE DOCUMENT FORMAT JAVASCRIPT (PDF.js) UNTUK MENGAMANKAN E-BOOK PADA E-LIBRARY SEKOLAH TINGGI TEKNOLOGI ADISUTJIPTO Oleh Agung Nugraha 15030043 INTISARI Perpustakaan Sekolah Tinggi Teknologi Adisutjipto (STTA) menjadi bagian dan unit penting di STTA yang berdiri sejak tahun 2002. Fungsi perpustakaan STTA yaitu memberikan layanan pinjam dan pengembalian buku yang dilakukan oleh anggota perpustakaan dalam hal ini mahasiswa, dosen dan karyawan STTA. Proses peminjaman secara manual dengan buku yang berwujud secara fisik ini telah berlangsung hingga saat ini. Buku yang jumlahnya selalu bertambah setiap tahun sangat menyita ruang yang ada di perpustakaan, sehingga perlu dikaji agar bentuk buku ini tidak lagi berwujud fisik tetapi digital atau paperless sehingga dapat disimpan di komputer server. Bentuk perpustakaan seperti ini dikenal sebagai perpustakaan digital atau e-library. E-library merupakan perpustakaan modern sebagai tempat yang menyediakan sumber informasi pendidikan dengan memberikan kemudahan dan keamanan yang lebih. Alur yang ada pada aplikasi tidak jauh berbeda dengan alur yang ada pada perpustakaan manual. Keamanan menjadi bagian penting dari sebuah aplikasi, dengan melakukan pembatasan terhadap akses pada jaringan, akses dokumen pdf dan implementasi PDF Viewer menggunakan library PDF.js dengan melakukan render dokumen pdf ke dalam canvas mampu mengahalau pengunduhan secara ilegal. Berdasarkan dari hasil pengujian, aplikasi e-library dapat berjalan dengan baik. Pada kecepatan buka dokumen pdf dipengaruhi oleh kecepatan server, konten yang ada didalam pdf, dan ukuran file pdf. Kata Kunci : E-library, library PDF.js, PDF Viewer, Keamanan. UTILIZATION OF PORTABLE DOCUMENT FORMAT JAVASCRIPT (PDF.js) LIBRARY TO SECURE E-BOOK IN SEKOLAH TINGGI TEKNOLOGI ADISUTJIPTO E-LIBRARY by Agung Nugraha 15030043 ABSTRACT Established in 2002, Sekolah Tinggi Teknologi Adisutjipto (STTA) Library become an important part of STTA. The function of STTA’s Library it self is to provide books rental and return services, in this case the students, lecturers, and the employees. Process of borrowing manually with tangible books have been physically present today. Amount of the books which always increasing every year are very confiscated place in the library, so it should be suggested that the form but digital form or paperless, so it can be store on the computer server. These types of libraries known as digital libraries or e-library. The e-library is a modern library that provides educational resources with greater ease and security. Working systems in this application same with existsing manual libraries. Security also become an essential part of an application by restricting access to the network, access PDF documents and implementing PDF viewer using the PDF.js library by rendering the PDF document into the cavas is able to minimize illegal downloads. Based on testing result, the e-library application can run well. The speed to open PDF document is affected by server speed, the content in the PDF, and PDF file size. Keywords : E-library, PDF.js library, PDF Viewer, Security.', 10303032, 11409116),
('36cb2a', 15030027, 'KRIPTOGRAFI DENGAN METODE BAHASA JAWA WALIKAN YOGYAKARTA BERBASIS WEB', 'KRIPTOGRAFI DENGAN METODE BAHASA JAWA WALIKAN YOGYAKARTA BERBASIS WEB Oleh Ellyana Mega Dewantri Astuti 15030027 INTISARI Kriptografi merupakan suatu ilmu yang yang mempelajari tentang pengamanan sebuah pesan. Cara pengamanan pesan dilakukan dengan mengacak pesan (enkripsi) dan dikembalikan lagi kebentuk aslinya (deskripsi). Metode yang digunakan dalam kriptografi yaitu Bahasa Walikan Yogyakarta di mana metode pembentukannya menggunakan pergeseran letak huruf Aksara Jawa. Bahasa Walikan Yogyakarta menggunakan pergeseran sepuluh huruf Aksara Jawa atau dengan aturan baris pertama Aksara Jawa digeser baris ke tiga, baris ke dua aksara jawa digeser menjadi baris ke empat. Berdasarkan pengujian aplikasi ini dapat berjalan dengan lancar diberbagai jenis perangkat dengan syarat memiliki web browser dan koneksi internet. Namun dalam proses enkripsi dan proses deskripsi pada aplikasi ini terdapat kendala jika sebuah kata yang dienkripsi terdapat huruf m dan p berurutan maka dalam pengembalian kata tidak dapat dilakukan dengan benar. Kata Kunci : Kriptografi, Bahasa Walikan, Berbasis Web', 10303032, 11611144),
('393400', 15030017, 'PEMILIHAN LOKASI OUTBOUND DI GUNUNGKIDUL MENGGUNAKAN METODE MULTI OBJECT OPTIMIZATION ON THE BASE OF RATIO ANALYSIS (MOORA)', 'PEMILIHAN LOKASI OUTBOUND DI GUNUNGKIDUL MENGGUNAKAN METODE MULTI OBJECT OPTIMIZATION ON THE BASE OF RATIO ANALYSIS (MOORA) Oleh Istiqomah Nuraini 15030017 INTISARI Sistem pendukung keputusan adalah sebuah sistem terkomputeriasi yang dapat membantu pengguna dalam mengambil sebuah keputusan. Penerapan SPK ini salah satunya adalah untuk pemilihan lokasi outbound yang berada di Gunungkidul dengan menggunakan metode MOORA. Outbound merupakan metode belajar di alam terbuka yang dilakukan atas dasar pengalaman langsung yang disajikan dalam bentuk permainan, diskusi dan petualangan. Sehingga peserta akan mendapat umpan balik tentang dampak kegiatan yang dilakukan yang berguna untuk pengembangan diri kedepannya. Penerapan Metode MOORA merupakan metode yang dapat menentukan bobot pada setiap kriteria, kemudian dilanjutkan dengan proses perangkingan yang akan menyeleksi alternatif terbaik dari sejumlah alternatif yang ada. Personal Home Page (PHP) merupakan salah satu bahasa pemrograman yang didesain untuk pengembangan web. Dalam penelitian ini dibuatlah aplikasi pemilihan lokasi outbound yang berada di Gunungkidul menggunakan metode MOORA, aplikasi dirancang berbasis website, pengujian ini dilakukan menggunakan pengujian black box. Hasil dari penelitian ini menunujukkan bahwa lokasi terbaik berdasarkan bobot kriteria dan perangkingan dengan beberapa altenatif adalah lokasi Gunung Api Purba Nglanggeran dengan hasil nilai 0.1507, Air Terjun Sri Getuk dengan hasil 0.0909, Kampung Jelok dengan hasil 0.01497, Goa Pindul dengan hasil 0.00182, Pantai Sundak dengan hasil -0.07192, Wulenpari dengan hasil -0.08854, dan yang terakhir adalah pantai indrayanti dengan hasil -0.13179. Kata kunci : Sistem Pendukung Keputusan (SPK), Outbound, MOORA, PHP', 10209011, 2147483647),
('48ece9', 15030052, 'PENENTUAN PRIORITAS PENGELUARAN KEBUTUHAN NON RUTIN MENGGUNAKAN METODE MULTI-ATTRIBUTIVE BORDER APPROXIMATION AREA COMPARISON (MABAC) DI MASJID AN-NUUR PANDEYAN', 'PENENTUAN PRIORITAS PENGELUARAN KEBUTUHAN NON RUTIN MENGGUNAKAN METODE MULTI-ATTRIBUTIVE BORDER APPROXIMATION AREA COMPARISON (MABAC) DI MASJID AN-NUUR PANDEYAN\r\n', 10209011, 10301028),
('4fe80b', 15030056, 'SIMULATOR MODUL PEMBELAJARAN MAINTENANCE KOMPONEN AVIONICS PADA SSCVR PN. 980-6022-001 DAN AIRCRAFT BATTERY PN. 405CH (Studi Kasus : Avionics Shop PT GMF AeroAsia Tbk)', 'SIMULATOR MODUL PEMBELAJARAN MAINTENANCE KOMPONEN AVIONICS PADA SSCVR PN. 980-6022-001 DAN AIRCRAFT BATTERY PN. 405CH (Studi Kasus : Avionics Shop PT GMF AeroAsia Tbk) Dwinny Puspa Dinar Saputri 15030056 INTISARI Perkembangan teknologi dapat dimanfaatkan sebagai penunjang dalam mengembangkan pembelajaran inovatif salah satunya menggunakan simulasi sebagai media pembelajaran interaktif. Hasil dari tugas akhir ini berupa simulator modul pembelajaran maintenance komponen avionics berbasis Android dan Desktop yang berisi materi pengenalan, pembongkaran, dan perakitan komponen avionics pada SSCVR PN. 980-6022-001 dan Aircraft Battery PN. 405CH yang bertujuan membantu proses pembelajaran di Avionics Shop PT GMF AeroAsia Tbk. Simulator dibangun menggunakan unity 3D dan pemodelan aset menggunakan blender. Pengujian simulator meliputi uji fungsionalitas dan uji kelayakan oleh pakar sebagai proses validasi dan verifikasi mengenai kriteria penilaian. Hasil dari uji fungsionalitas menyatakan bahwa semua fungsi dan button yang ada pada simulator dapat berjalan dengan baik sesuai dengan fungsinya. Hasil dari uji kelayakan diperoleh nilai rata-rata 90,4 dimana termasuk dalam kategori “Sangat Bagus” dan dinyatakan bahwa simulator telah memenuhi kebutuhan yang mendasari perancangan simulator, memenuhi kebutuhan semua pihak yang berkepentingan, dan dapat dijalankan dengan baik pada beberapa platform yang berbeda. Kata Kunci: Simulator pembelajaran maintenance komponen avionics, assemble-disassemble part component, Avionics, SSCVR, Aircraft Battery', 10409041, 10301030),
('507baa', 15030039, 'MAINTENANCE APLIKASI AD/SB MANAGEMENT DI PT. GMF AEROASIA TBK', '', 11210095, 10301030),
('5744d8', 15030066, 'ANALISIS PENGGABUNGAN KNOWLEDGE ACQUISITION PROSES HAARTRAINING UNTUK DETEKSI OBYEK PADA METODE VIOLA JONES', 'ANALISIS PENGGABUNGAN KNOWLEDGE ACQUISITION PROSES HAARTRAINING UNTUK DETEKSI OBYEK PADA METODE VIOLA JONES Oleh Nur Hanifah 15030066 INTISARI Proses Haartraining membutuhkan sumber daya komputer yang sangat tinggi dan waktu yang berbanding lurus dengan banyaknya data training. Jumlah data training menentukan akurasi pendeteksian obyek. Proses training yang lama diakibatkan karena komputer mempunyai spesifikasi yang rendah dan dengan pembagian file training akan mempercepat proses pembentukan file vector, meminimalisir kesalahan saat melakukan pemotongan fitur Haar pada obyek positif dan juga meminimalisir kesalahan yang terjadi saat melakukan proses training. Permasalahan yang muncul berikutnya bagaimana mengatasi hal tersebut sehingga di peroleh pengetahuan yang lebih baik. Penelitian ini memberikan usulan dan hasil analisis proses penggabungan knowledge acquisition serta pengaruhnya terhadap akurasi pendeteksian obyek menggunakan metode Viola-Jones dengan hasil akhir tingkat kesalahan yang terjadi sebesar 23.689% dan tingkat obyek terdeteksi sebesar 65.584%. Metode Viola Jones menggunakan file classifier yang diperoleh dari proses training. Kata Kunci : Knowledge Acquisition, Haartraining, Pendeteksian Obyek, Viola Jones', 10409041, 11210095),
('59e414', 15030038, 'PEMANFAATAN GOOGLE PLAY SERVICE UNTUK MENGUKUR KECEPATAN TERBANG DRONE BERBASIS CLIENT SERVER', 'PEMANFAATAN GOOGLE PLAY SERVICE UNTUK MENGUKUR KECEPATAN TERBANG DRONE BERBASIS CLIENT SERVER Daewu Gus Bintara Putra 15030038 INTISARI Drone sebagai peralatan terbang tanpa pilot telah mengalami perkembangan yang baik dikendalikan menggunakan remote control. Kecepatan drone yang belum dapat diakses pada remote kontrolnya dapat diketahui melalui aplikasi yang berbasis client-server. Aplikasi sisi client ada pada drone dan sisi server ada dibumi. Aplikasi My Drone (client) merupakan aplikasi yang dibawa terbang drone dan Admin Drone (server) merupakan aplikasi untuk memantau kecepatan menggunakan library Google Play Service, data yang didapat dikirim ke aplikasi Admin Drone (server) secara real-time dengan memanfaatkan Google firebase untuk pengiriman data. Dari pengujian yang dilakukan dapat diketahui kecepatan drone saat terbang horisontal, sedangkan saat terbang vertikal kecepatan tidak terdeteksi. Kapasitas baterai juga akan mengalami penurunan saat kecepatan drone 12.583 km/jam dari 60% menjadi 23% karena drone membutuhkan energi dari baterai untuk menggerakkan mesin drone mencapai kecepatan tersebut. Kata kunci : Drone, Google Play Service, Kecepatan Terbang.', 10303032, 11210095),
('759b6f', 15030032, 'PERANCANGAN SISTEM ABSENSI DALAM PENANGANAN PROSES UJIAN BERBASIS PAPERLESS (Studi Kasus : Sekolah Tinggi Teknologi Adisutjipto)', 'PERANCANGAN SISTEM ABSENSI DALAM PENANGANAN PROSES UJIAN BERBASIS PAPERLESS (STUDI KASUS : SEKOLAH TINGGI TEKNOLOGI ADISUTJIPTO) Oleh Yasifa Yuri Haqli Sukma 15030032 Intisari Sistem absensi ujian yang ada di STT Adisutjipto saat ini masih menggunakan kertas (manual). Konsep paperless bisa diterapkan dalam sistem absensi ujian. Hasil dari tugas akhir ini berupa perancangan sistem absensi dalam penanganan proses ujian berbasis paperless yang memanfaatkan teknologi QR Code dalam upaya mengurangi penggunaan kertas dan mengefisiensi waktu proses absensi ujian. Sistem absensi dibangun menggunakan bahasa pemrograman PHP dan HTML dengan database PostgreSQL. Pengujian sistem absensi dilakukan secara langsung pada saat ujian. Hasil dari pengujian aplikasi diperoleh bahwa aplikasi absensi berbasis paperless lebih cepat 1 menit 15 detik dibandingkan proses absensi manual. Hasil dari pengujian server diperoleh bahwa database aplikasi absensi menggunakan 13,9 % kapasitas CPU, dan aplikasi absensi ujian menggunakan 0,7 % kapasitas CPU. Kata Kunci: QR Code, Sistem Absensi, Paperless', 10409041, 10904068),
('7c8d23', 15030031, 'PENCARIAN KATA DASAR MENGGUNAKAN METODE PREFIX DAN POSTFIX BERBASIS WEB', 'PENCARIAN KATA DASAR MENGGUNAKAN METODE PREFIX DAN POSTFIX BERBASIS WEB Oleh Desynta Karmila Sari 15030031 INTISARI Kata dasar adalah kata yang belum mengalami penambahan, pengulangan dan penggabungan dengan kata lain. Kata dasar dapat dihasilkan dari sebuah kata berimbuhan dengan cara menghilangkan imbuhan awalan, akhiran atau gabungan awalan dan akhiran. Metode prefix yaitu menghilangkan nol atau lebih simbol karakter dari belakang sedangkan metode postfix yaitu menghilangkan nol atau lebih simbol karakter dari depan. Dalam penelitian ini dibuatlah sebuah aplikasi pencarian kata dasar dengan menggunakan metode prefix dan postfix dengan aplikasi yang dirancang berbasis web, pengujian yang dilakukan yang pertama dengan menggunakan pengujian black box dan hasil yang didapatkan sesuai dengan rancangan yang telah dibuat yaitu tombol pada aplikasi apabila diklik dapat menuju ke halaman yang diinginkan dan kolom pada aplikasi apabila diinputkan, hasil inputan sesuai dengan yang diharapkan. Pengujian yang kedua dengan pengujian fungsional didapatkan keberhasilan sebesar 60,20% dan kegagalan sebesar 39,80%. Pencarian kata dasar dengan menggunakan metode prefix dan postfix cocok digunakan, jika kata berimbuhan berupa kata berawalan, berakhiran, atau berawalan dan berakhiran dengan jumlah huruf yang sama. Kata Kunci: Kata Dasar, Metode Prefix, Metode Postfix', 11611144, 11409116),
('824d57', 15030025, 'PERBANDINGAN METODE SIMPLE MOVING AVERAGE, EXPONENTIAL SMOOTHING, DAN NAIVE METHOD UNTUK PREDIKSI HARGA RUMPUT LAUT DI KOTA TARAKAN BERBASIS ANDROID', '', 11611144, 11409116),
('8dede1', 15030028, 'SISTEM IDENTIFIKASI KERUSAKAN MESIN PADA PESAWAT BRAVO AS202 MENGGUNAKAN BACKWARD CHAINING BERBASIS WEBSITE', 'SISTEM IDENTIFIKASI KERUSAKAN MESIN PADA PESAWAT BRAVO AS202 MENGGUNAKAN BACKWARD CHAINING BERBASIS WEBSITE Oleh Erni Jumiyanti 15030028 INTISARI Pada penelitian ini membahas tentang perancangan dan penerapan perangkat lunak berbasis website pada sebuah mesin pesawat militer latih yaitu Pesawat Bravo dengan seri AS202. Dengan adanya perangkat lunak ini mampu digunakan untuk mengetahui gejala kerusakan dalam mesin pesawat di luar perawatan (Inspection) menggunakan pendekatan Backward Chaining, untuk menentukan sebuah fakta yang mendukung hipotesa-hipotesa tersebut, dengan pendekatan yang ada diharapkan mampu untuk mengidentifikasi adanya kerusakan pada mesin Pesawat Bravo AS202. Kecelakaan pesawat komersil ataupun militer banyak mengakibatkan banyak korban, selain itu memberikan banyak kerugian bagi semua pihak. Kecelakaan pesawat militer yang telah terjadi selama ini selalu dikaitkan dengan banyak faktor seperti: human error, climate, maupun kerusakan engine. Dalam mengurangi resiko kerusakan pesawat militer maka dibutuhkan perawatan pada pesawat. Dalam penelitian ini menghasilkan sebuah aplikasi berbasis website yang berfungsi sebagai sistem identifikasi kerusakan mesin dengan menggunakan Backward Chaining yang mempermudah teknisi dalam mencari informasi kerusakan pada mesin Pesawat Bravo AS202. Kata Kunci : Bravo AS202, Backward Chaining, Website\r\n', 11611143, 2147483647),
('92aa0a', 15030024, 'MEDIA PEMBELAJARAN KOMPONEN PESAWAT TERBANG TENTANG CARA KERJA TURBOFAN DENGAN SIKLUS IDEAL', 'MEDIA PEMBELAJARAN KOMPONEN PESAWAT TERBANG TENTANG CARA KERJA TURBOFAN DENGAN SIKLUS IDEAL Oleh Geby Nauly Pakpahan 15030024 INTISARI Turbofan adalah salah satu bagian dari pesawat terbang. Dalam pembelajaran komponen pesawat terbang masih terdapat kesulitan untuk mempelajari cara kerja pada turbofan. Pada media pembelajaran ini perubahan tekanan suhu udara di turbofan ditunjukkan dengan adanya perubahan warna, suara dan perputaran mesin. Pada media pembelajaran ini juga menurut siklus ideal gaya thrust sebesar 1 sampai 6 rpm, ini sesuai dengan keadaan engine yang berada di ground yang tidak terpengaruh oleh ketinggian, velocity dan kecepatan suara. Nilai F/mo 5930,794 lbf/(lbm/sec) sama dengan 6rpm. Dalam pembuatan simulasi turbofan terdapat beberapa proses. Proses petama adalah pembuatan modelling turbofan menggunakan Blender. Setelah melakukan proses modelling selanjutnya proses animation menggunakan Unity. Berdasarkan hasil pengujian black box dan white box terhadap simulasi cara kerja gas turbine pada turbofan berbasis desktop dapat disimpulkan bahwa berhasil. Kata kunci : Turbofan, gaya thrust, engine, siklus ideal', 10706059, 10901061),
('92da12', 15030065, 'ANIMASI PERFORMA MESIN SPEY Mk. 555-15 PADA TURBOJET ENGINE', 'ANIMASI PERFORMA MESIN SPEY Mk. 555-15 PADA TURBOJET ENGINE Oleh Benny Arian Saputra 15030065 INTISARI Turbojet merupakan engine yang masih banyak digunakan pada pesawat terbang. Pada animasi ini menunjukkan performa mesin SPEY Mk. 555-15, menunjukkan adanya perubahan tekanan suhu udara di turbojet ditunjukkan dengan adanya perubahan warna di combustion chamber dan perubahan percepatan perpuataran kompresor. Dalam animasi performa mesin SPEY Mk. 555-15 menggunakan perhitungan dengan inputan Throttle menghasilkan output berupa nilai Thrust, SFC, N1 dan N2 dimana output tersebut hasil dari perhitungan manual yang diinputkan secara sistem agar mempermudah perhitungannya. Dalam pembuatan animasi ini terdapat beberapa proses, yaitu pembuatan modelling turbojet dengan menggunakan Blender, kemudian dilanjutkan dengan proses animation menggunakan Unity. Berdasarkan hasil pengujian black box didapatkan bahwa Animasi Performa Mesin SPEY Mk. 555-15 Pada Turbojet Engine dapat dijalankan pada sistem operasi Windows 7 (64 bit) Windows 8 (64 bit) dan Windows 10 (64 bit). Dan uji pakar didapatkan hasil bahwa animasi ini dapat membantu dosen dalam menyampaikan materi kuliah, informatif, mudah dimengerti, input dan output sudah sesuai. Dari hasil perhitungan inputan Throttle semakin naik maka output nilai Thrust, N1 dan N2 juga akan naik, tetapi nilai Spesific Fuel Consumption (SFC) akan turun. Kata kunci : mesin Turbojet, Thrust, SFC, N1, N2', 10706059, 2147483647),
('995487', 15030006, 'VIRTUAL LOCAL AREA NETWORK (VLAN) BERBASIS WEB PADA CISCO CATALYST 3750 MEMANFAATKAN APPLICATION PRO', 'VIRTUAL LOCAL AREA NETWORK (VLAN) BERBASIS WEB PADA CISCO CATALYST 3750 MEMANFAATKAN APPLICATION PROGRAMMING INTERFACE (API) DARI CISCO Oleh Deno Daseftra Cessara 15030006 INTISARI VLAN merupakan salah satu teknologi komputer yang saat ini sangat dibutuhkan. Hal ini dikarenakan VLAN dapat membagi satu jaringan pada perangkat switch menjadi bagian-bagian kecil jaringan lain. Cisco Catalyst 3750 merupakan perangkat switch yang sudah menyediakan teknologi VLAN. Permasalahan yang ditemukan pada Cisco Catalyst 3750 adalah sistem manajemen VLAN yang masih berbasis command line dan tidak dapat diakses dari jarak jauh. Untuk itu dibuat VLAN berbasis GUI dan dapat diakses dari jarak jauh. VLAN yang dibuat berbasis Web dengan tujuan untuk memberikan kebebasan pemakaian device dan tidak harus terfokus pada satu jenis device saja. VLAN berbasis Web ini dibuat dengan memanfaatkan API Cisco sebagai penghubung antara bahasa pemrograman pada VLAN berbasis Web dengan bahasa pada perangkat lunak Cisco Catalyst 3750. Pemanfaatan Telnet berperan penting dalam pembuatan VLAN berbasis Web ini, dimana Telnet memberikan akses lebih luas pada Cisco Catalyst 3750 untuk diakses di luar aplikasi terminal emulator. Dengan pemanfaatan Telnet administrator cukup mengujungi IP yang telah dibuat untuk mengakses Cisco Catalyst 3750. Akses jarak jauh pada VLAN berbasis Web ini menggunakan port fowarding. Serveo.net adalah salah satu penyedia layanan port fowarding. Dengan memanfaatkan Serveo.net, VLAN berbasis Web yang masih dalam server local dapat diakses dari jarak jauh meski tanpa IP publik. Hasil pengujian pada penelitian ini menunjukkan bahwa VLAN berbasis Web terbukti dapat melakukan konfigurasi VLAN sehingga dapat digunakan untuk mengatur hubungan antar komputer sesuai dengan kebutuhan pada jaringan yang digunakan. Kata kunci : VLAN , API Cisco, Telnet, port fowarding, Cisco Catalyst 3750.', 11611143, 10904068),
('c18d2b', 15030061, 'FLIGHT SIMULATOR UNTUK TAKE OFF PESAWAT BOEING 737-300 SERIES BERBASIS 3 DIMENSI', 'FLIGHT SIMULATOR UNTUK TAKE OFF PESAWAT BOEING 737-300 SERIES BERBASIS 3 DIMENSI Oleh Muhammad Irfan 15030061 INTISARI Simulator merupakan bentuk peniruan kondisi yang menggambarkan perilaku sesuai dengan kenyataan dimana terdapat interaksi antara pengguna dengan simulasi. Simulator sangat berguna dalam mensimulasikan kejadian-kejadian yang dapat membatu dalam system belajar-mengajar. Hasil dari tugas akhir ini berupa simulator 3D Take-Off pada pesawat Boeing 737-300 berbasis desktop yang bertujuan sebagai media pembelajaran yang berisikan penjelasan materi mengenai take-off dari pesawat Boeing 737-300. Simulator ini memberikan inputan dengan data ideal yang berupa data weight, kecepatan pesawat saat lepas landas, pengaturan flaps, dan jarak untuk memahami pesawat melakukan proses V1, VR, dan V2. Metode pengumpulan data pada pembuatan simulator berupa observasi, analisa kebutuhan sistem dan kepustakaan. Simulator dibangun menggunakan Unity 3D, pemodelan aset 3D menggunakan Blender, dan pemodelan asset 2D menggunakan Photoshop. Pengujian simulasi meliputi uji kelayakan oleh pakar, pengujian Black box dan White Box. Hasil dari pengujian pakar diperoleh dari pemberian kuisioner untuk pakar dan memberikan hasil aplikasi yang dibuat dapat terbantu sebagai media pembelajaran dalam mata kuliah dunia penerbangan, dalam menyampaikan materi take off pada pesawat terbang. Hasil pengujian black box menyatakan bahwa semua fungsi pada simulator berjalan sesuai fungsinya pada Sistem Operasi Windows 7, Windows 8, Windows 10 dengan system type 64-bit. Hasil dari pengujian white box menyatakan bahwa perancangan simulator sesuai dengan hasil eksekusi simulator. Kata Kunci: Simulator Pesawat Terbang, take-off, Boeing 737-300', 10706059, 11001072),
('ed9c61', 15030033, 'PEMANFAATAN RESTFUL API PADA MOBILE BASED TEST UNTUK SERTIFIKASI KARYAWAN PT. GARUDA MAINTENACE FACILTY AEROASIA TBK', 'PEMANFAATAN RESTFUL API PADA MOBILE BASED TEST UNTUK SERTIFIKASI KARYAWAN PT. GARUDA MAINTENACE FACILTY AEROASIA TBK Satya Wira Wicaksana 15030033 INTISARI Dapat merancang dan membuat aplikasi Mobile Based Test untuk sertifikasi karyawan di PT. Garuda Maintenance Facility dengan memanfaatkan restful API. Untuk membuat aplikasi Mobile Based Test menggunakan 2 framework yaitu Android Studio dan Codeigneter. Android Studio digunakan untuk membuat aplikasi GMFAdmin untuk memonitor tes sertifikasi, sedangkan GMF AeroAsia untuk melakukan tes sertifikasi. Codeigneter digunakan untuk membuat Application Programming Interface (API) untuk media transfer data dari aplikasi ke database yang tersimpan di database. Pengujian Mobile Based Test meliputi pengujian fungsionalitas dan uji Whitebox. Berdasarkan uji fungsionalitas pada aplikasi GMFAdmin menyatakan semua fungsi dan button berjalan sesuai fungsinya, sedangkan pada aplikasi GMF AeroAsia semua fungsi dan button juga berjalan sesuai fungsinya. Pada pengujian menggunakan Whitebox aplikasi GMFAdmin terhadap 3 path selama 3 hari didapatkan tingkat keberhasilan sebesar 100%, sedangkan pengujian Whitebox pada aplikasi GMF AeroAsia terhadap 8 path selama 3 hari didapatkan tingkat keberhasilan sebesar 100%. Kata kunci : Restful, API, Mobile, Test, Sertifikasi', 11611144, 11210095),
('f24c23', 15030007, 'PEMILIHAN LOKASI OUTBOUND DI GUNUNGKIDUL MENGGUNAKAN METODE MULTI OBJECT OPTIMIZATION ON THE BASE OF RATIO ANALYSIS (MOORA)', 'PEMILIHAN LOKASI OUTBOUND DI GUNUNGKIDUL MENGGUNAKAN METODE MULTI OBJECT OPTIMIZATION ON THE BASE OF RATIO ANALYSIS (MOORA) Oleh Istiqomah Nuraini 15030017 INTISARI Sistem pendukung keputusan adalah sebuah sistem terkomputeriasi yang dapat membantu pengguna dalam mengambil sebuah keputusan. Penerapan SPK ini salah satunya adalah untuk pemilihan lokasi outbound yang berada di Gunungkidul dengan menggunakan metode MOORA. Outbound merupakan metode belajar di alam terbuka yang dilakukan atas dasar pengalaman langsung yang disajikan dalam bentuk permainan, diskusi dan petualangan. Sehingga peserta akan mendapat umpan balik tentang dampak kegiatan yang dilakukan yang berguna untuk pengembangan diri kedepannya. Penerapan Metode MOORA merupakan metode yang dapat menentukan bobot pada setiap kriteria, kemudian dilanjutkan dengan proses perangkingan yang akan menyeleksi alternatif terbaik dari sejumlah alternatif yang ada. Personal Home Page (PHP) merupakan salah satu bahasa pemrograman yang didesain untuk pengembangan web. Dalam penelitian ini dibuatlah aplikasi pemilihan lokasi outbound yang berada di Gunungkidul menggunakan metode MOORA, aplikasi dirancang berbasis website, pengujian ini dilakukan menggunakan pengujian black box. Hasil dari penelitian ini menunujukkan bahwa lokasi terbaik berdasarkan bobot kriteria dan perangkingan dengan beberapa altenatif adalah lokasi Gunung Api Purba Nglanggeran dengan hasil nilai 0.1507, Air Terjun Sri Getuk dengan hasil 0.0909, Kampung Jelok dengan hasil 0.01497, Goa Pindul dengan hasil 0.00182, Pantai Sundak dengan hasil -0.07192, Wulenpari dengan hasil -0.08854, dan yang terakhir adalah pantai indrayanti dengan hasil -0.13179. Kata kunci : Sistem Pendukung Keputusan (SPK), Outbound, MOORA, PHP', 10209011, 2147483647),
('fbab8b', 15030013, 'SISTEM PENDUKUNG KEPUTUSAN PRIORITAS PENGAJUAN BEASISWA DIKPORA DIY DAN PPA MENGGUNAKAN METODE MULTI OBJECTIVE OPTIMIZATION ON THE BASIS OF RATIO ANALYSIS (Studi Kasus : Sekolah Tinggi Teknologi Adisu', 'SISTEM PENDUKUNG KEPUTUSAN PRIORITAS PENGAJUAN BEASISWA DIKPORA DIY DAN PPA MENGGUNAKAN METODE MULTI OBJECTIVE OPTIMIZATION ON THE BASIS OF RATIO ANALYSIS (Studi kasus : Sekolah Tinggi Teknologi Adisutjipto) Sulistyo Nugroho 15030013 INTISARI Penentuan prioritas pengajuan beasiswa Dikpora DIY dan PPA di Sekolah Tinggi Teknologi Adisutjipto masih dilakukan dengan cara manual. Dalam menentukan prioritas pengajuan beasiswa maka perlu membutuhkan kriteria pada setiap beasiswa. Dalam menentukan mahasiswa yang berhak menerima beasiswa tersebut, maka metode Multi Objective On The Basis Of Ratio Analysis merupakan metode yang akan digunakan pada proses penentuan beasiswa Dikpora DIY dan PPA karena metode tersebut merupakan sistem multiobjektif untuk pengoptimalan 2 atau lebih kriteria yang yang saling bertentangan secara bersamaan dengan menerapkan 5 langkah proses perhitungan dari memasukan nilai, membuat matriks keputusan, normalisasi, optimasi dan proses perangkingan diurutkan berdasarkan total nilai MOORA dari yang terbesar. Berdasarkan hasil pengujian dengan menggunakan data pendafar beasiswa Dikpora DIY dan PPA tahun 2019, kesamaan perhitungan sistem pendukung keputusan dengan data kemahasiswaan dalam menentukan kandidat yaitu sebesar 100% pada sistem pendukung keputusan prioritas pengajuan beasiswa Dikpora DIY, sedangkan untuk pengujian pada sistem pendukung keputusan prioritas pengajuan beasiswa PPA didapatkan hasil kesamaan perhitungan sistem pendukung keputusan dengan data kemahasiswaan dalam menentukan kandidat berdasarkan program studi menunjukan kesamaan untuk Teknik Elektro sebesar 100%, Teknik Industri 100%, Informatika 75%, Teknik Mesin 80%, Teknik Dirgantara 50%, dan untuk Aeronautika 50%. Kata Kunci : Prioritas Pengajuan Beasiswa, Sistem Pendukung Keputusan, Dikpora DIY, PPA', 10209011, 11611144);

-- --------------------------------------------------------

--
-- Struktur dari tabel `status_dp`
--

CREATE TABLE `status_dp` (
  `no_reg` int(5) NOT NULL,
  `nip` int(10) NOT NULL,
  `jlh_siswa` int(1) NOT NULL
) ENGINE=InnoDB DEFAULT CHARSET=utf8mb4;

-- --------------------------------------------------------

--
-- Struktur dari tabel `stopwords`
--

CREATE TABLE `stopwords` (
  `id` int(100) NOT NULL,
  `stopwords` varchar(100) NOT NULL
) ENGINE=InnoDB DEFAULT CHARSET=utf8mb4;

--
-- Dumping data untuk tabel `stopwords`
--

INSERT INTO `stopwords` (`id`, `stopwords`) VALUES
(1, 'adanya'),
(3, 'ini'),
(4, 'dan'),
(5, 'yang'),
(6, 'sebagai'),
(7, 'sebuah'),
(8, 'yaitu'),
(9, 'untuk'),
(10, 'selain'),
(11, 'adalah'),
(12, 'itu'),
(13, 'dengan'),
(15, 'oleh');

-- --------------------------------------------------------

--
-- Struktur dari tabel `superuser`
--

CREATE TABLE `superuser` (
  `id` varchar(30) NOT NULL,
  `username` varchar(255) NOT NULL,
  `password` varchar(100) NOT NULL,
  `alias` varchar(50) NOT NULL
) ENGINE=InnoDB DEFAULT CHARSET=utf8mb4;

--
-- Dumping data untuk tabel `superuser`
--

INSERT INTO `superuser` (`id`, `username`, `password`, `alias`) VALUES
('1', 'admin', 'd033e22ae348aeb5660fc2140aec35850c4da997', 'Superuser');

-- --------------------------------------------------------

--
-- Struktur dari tabel `tugas_akhir`
--

CREATE TABLE `tugas_akhir` (
  `no_reg` varchar(10) NOT NULL,
  `mahasiswa` int(10) NOT NULL,
  `judul_skripsi` varchar(200) NOT NULL,
  `abstrak` text NOT NULL,
  `dp_satu` int(10) NOT NULL,
  `dp_dua` int(10) NOT NULL
) ENGINE=InnoDB DEFAULT CHARSET=utf8mb4;

--
-- Dumping data untuk tabel `tugas_akhir`
--

INSERT INTO `tugas_akhir` (`no_reg`, `mahasiswa`, `judul_skripsi`, `abstrak`, `dp_satu`, `dp_dua`) VALUES
('139c3e', 15030028, 'SISTEM IDENTIFIKASI KERUSAKAN MESIN PADA PESAWAT BRAVO AS202 MENGGUNAKAN BACKWARD CHAINING BERBASIS WEBSITE', 'SISTEM IDENTIFIKASI KERUSAKAN MESIN PADA PESAWAT BRAVO AS202 MENGGUNAKAN BACKWARD CHAINING BERBASIS WEBSITE Oleh Erni Jumiyanti 15030028 INTISARI Pada penelitian ini membahas tentang perancangan dan penerapan perangkat lunak berbasis website pada sebuah mesin pesawat militer latih yaitu Pesawat Bravo dengan seri AS202. Dengan adanya perangkat lunak ini mampu digunakan untuk mengetahui gejala kerusakan dalam mesin pesawat di luar perawatan (Inspection) menggunakan pendekatan Backward Chaining, untuk menentukan sebuah fakta yang mendukung hipotesa-hipotesa tersebut, dengan pendekatan yang ada diharapkan mampu untuk mengidentifikasi adanya kerusakan pada mesin Pesawat Bravo AS202. Kecelakaan pesawat komersil ataupun militer banyak mengakibatkan banyak korban, selain itu memberikan banyak kerugian bagi semua pihak. Kecelakaan pesawat militer yang telah terjadi selama ini selalu dikaitkan dengan banyak faktor seperti: human error, climate, maupun kerusakan engine. Dalam mengurangi resiko kerusakan pesawat militer maka dibutuhkan perawatan pada pesawat. Dalam penelitian ini menghasilkan sebuah aplikasi berbasis website yang berfungsi sebagai sistem identifikasi kerusakan mesin dengan menggunakan Backward Chaining yang mempermudah teknisi dalam mencari informasi kerusakan pada mesin Pesawat Bravo AS202. Kata Kunci : Bravo AS202, Backward Chaining, Website\r\n', 11611143, 2147483647),
('1456a3', 15030036, 'Pemanfaatan Firebase Pada Aplikasi Inventaris Guna Mendukung Usaha Mikro Kecil dan Menengah (UMKM) (Studi Kasus Kabupaten Gunung Kidul)', 'PEMANFAATAN FIREBASE PADA APLIKASI INVENTARIS GUNA MENDUKUNG USAHA MIKRO KECIL DAN MENENGAH (UMKM) (STUDI KASUS KABUPATEN GUNUNG KIDUL) Adetya Dyas Saputra 15030036 INTISARI UMKM adalah salah satu ujung perekonomian yang berdiri sendiri dan memiliki potensi perkembangan yang besar, salah satunya di Gunungkidul, Yogyakarta. Beberapa kendala pada bisnis UMKM ini salah satunya yaitu pada pemasaran dan manajemen produk, dimana para pelaku UMKM hanya dikenal di daerahnya saja dan kesulitan dalam memanajemen produknya. Dukungan dari sisi teknologi sangat diperlukan untuk meningkatkan laju perekonomian UMKM demi mengatasi masalah tersebut, dengan biaya yang minim serta mampu bekerja dengan baik di Kabupaten Gunungkidul dimana masih banyak daerah yang sulit mendapatkan sinyal untuk melakukan pemasaran dengan menggunakan smartphone. Firebase adalah platform buatan Google yang memiliki fitur unggulan realtime database yang sangat cocok untuk menanggulangi masalah tersebut karna kemampuannya yaitu offline-capability. Ada 2 aplikasi yang dibuat, untuk pelaku bisnis UMKM yang disebut Venstta Mitra dan untuk konsumen yang disebut Venstta. Venstta Mitra berfungsi untuk memasarkan produk UMKM serta melakukan manajemen stok, sedangkan Venstta berfungsi sebagai katalog produk UMKM. Berdasarkan pengujian yang diperoleh menggunakan skala Likert, Venstta Mitra memiliki skor pengujian fungsi fitur utama sebesar 78,8% dan uji UI/UX sebesar 69,6% sedangkan Venstta memiliki skor pengujian fungsi fitur utama sebesar 85,3% dan Uji UI/UX sebesar 70,2%, sehingga kedua aplikasi tersebut berjalan dan dapat diterapkan oleh kedua belah pihak. Kata kunci : Gunungkidul, Inventaris, UMKM, Firebase, Android', 11611144, 11611143),
('16ff', 15030006, 'VIRTUAL LOCAL AREA NETWORK (VLAN) BERBASIS WEB PADA CISCO CATALYST 3750 MEMANFAATKAN APPLICATION PRO', 'VIRTUAL LOCAL AREA NETWORK (VLAN) BERBASIS WEB PADA CISCO CATALYST 3750 MEMANFAATKAN APPLICATION PROGRAMMING INTERFACE (API) DARI CISCO Oleh Deno Daseftra Cessara 15030006 INTISARI VLAN merupakan salah satu teknologi komputer yang saat ini sangat dibutuhkan. Hal ini dikarenakan VLAN dapat membagi satu jaringan pada perangkat switch menjadi bagian-bagian kecil jaringan lain. Cisco Catalyst 3750 merupakan perangkat switch yang sudah menyediakan teknologi VLAN. Permasalahan yang ditemukan pada Cisco Catalyst 3750 adalah sistem manajemen VLAN yang masih berbasis command line dan tidak dapat diakses dari jarak jauh. Untuk itu dibuat VLAN berbasis GUI dan dapat diakses dari jarak jauh. VLAN yang dibuat berbasis Web dengan tujuan untuk memberikan kebebasan pemakaian device dan tidak harus terfokus pada satu jenis device saja. VLAN berbasis Web ini dibuat dengan memanfaatkan API Cisco sebagai penghubung antara bahasa pemrograman pada VLAN berbasis Web dengan bahasa pada perangkat lunak Cisco Catalyst 3750. Pemanfaatan Telnet berperan penting dalam pembuatan VLAN berbasis Web ini, dimana Telnet memberikan akses lebih luas pada Cisco Catalyst 3750 untuk diakses di luar aplikasi terminal emulator. Dengan pemanfaatan Telnet administrator cukup mengujungi IP yang telah dibuat untuk mengakses Cisco Catalyst 3750. Akses jarak jauh pada VLAN berbasis Web ini menggunakan port fowarding. Serveo.net adalah salah satu penyedia layanan port fowarding. Dengan memanfaatkan Serveo.net, VLAN berbasis Web yang masih dalam server local dapat diakses dari jarak jauh meski tanpa IP publik. Hasil pengujian pada penelitian ini menunjukkan bahwa VLAN berbasis Web terbukti dapat melakukan konfigurasi VLAN sehingga dapat digunakan untuk mengatur hubungan antar komputer sesuai dengan kebutuhan pada jaringan yang digunakan. Kata kunci : VLAN , API Cisco, Telnet, port fowarding, Cisco Catalyst 3750.', 11611143, 10904068),
('226e02', 15030043, 'PEMANFAATAN LIBRARY PORTABLE DOCUMENT FORMAT JAVASCRIPT (PDF.js) UNTUK MENGAMANKAN E-BOOK PADA E-LIBRARY SEKOLAH TINGGI TEKNOLOGI ADISUTJIPTO', 'PEMANFAATAN LIBRARY PORTABLE DOCUMENT FORMAT JAVASCRIPT (PDF.js) UNTUK MENGAMANKAN E-BOOK PADA E-LIBRARY SEKOLAH TINGGI TEKNOLOGI ADISUTJIPTO Oleh Agung Nugraha 15030043 INTISARI Perpustakaan Sekolah Tinggi Teknologi Adisutjipto (STTA) menjadi bagian dan unit penting di STTA yang berdiri sejak tahun 2002. Fungsi perpustakaan STTA yaitu memberikan layanan pinjam dan pengembalian buku yang dilakukan oleh anggota perpustakaan dalam hal ini mahasiswa, dosen dan karyawan STTA. Proses peminjaman secara manual dengan buku yang berwujud secara fisik ini telah berlangsung hingga saat ini. Buku yang jumlahnya selalu bertambah setiap tahun sangat menyita ruang yang ada di perpustakaan, sehingga perlu dikaji agar bentuk buku ini tidak lagi berwujud fisik tetapi digital atau paperless sehingga dapat disimpan di komputer server. Bentuk perpustakaan seperti ini dikenal sebagai perpustakaan digital atau e-library. E-library merupakan perpustakaan modern sebagai tempat yang menyediakan sumber informasi pendidikan dengan memberikan kemudahan dan keamanan yang lebih. Alur yang ada pada aplikasi tidak jauh berbeda dengan alur yang ada pada perpustakaan manual. Keamanan menjadi bagian penting dari sebuah aplikasi, dengan melakukan pembatasan terhadap akses pada jaringan, akses dokumen pdf dan implementasi PDF Viewer menggunakan library PDF.js dengan melakukan render dokumen pdf ke dalam canvas mampu mengahalau pengunduhan secara ilegal. Berdasarkan dari hasil pengujian, aplikasi e-library dapat berjalan dengan baik. Pada kecepatan buka dokumen pdf dipengaruhi oleh kecepatan server, konten yang ada didalam pdf, dan ukuran file pdf. Kata Kunci : E-library, library PDF.js, PDF Viewer, Keamanan. UTILIZATION OF PORTABLE DOCUMENT FORMAT JAVASCRIPT (PDF.js) LIBRARY TO SECURE E-BOOK IN SEKOLAH TINGGI TEKNOLOGI ADISUTJIPTO E-LIBRARY by Agung Nugraha 15030043 ABSTRACT Established in 2002, Sekolah Tinggi Teknologi Adisutjipto (STTA) Library become an important part of STTA. The function of STTA’s Library it self is to provide books rental and return services, in this case the students, lecturers, and the employees. Process of borrowing manually with tangible books have been physically present today. Amount of the books which always increasing every year are very confiscated place in the library, so it should be suggested that the form but digital form or paperless, so it can be store on the computer server. These types of libraries known as digital libraries or e-library. The e-library is a modern library that provides educational resources with greater ease and security. Working systems in this application same with existsing manual libraries. Security also become an essential part of an application by restricting access to the network, access PDF documents and implementing PDF viewer using the PDF.js library by rendering the PDF document into the cavas is able to minimize illegal downloads. Based on testing result, the e-library application can run well. The speed to open PDF document is affected by server speed, the content in the PDF, and PDF file size. Keywords : E-library, PDF.js library, PDF Viewer, Security.', 10303032, 11409116),
('29b543', 15030020, 'SISTEM PENDUKUNG KEPUTUSAN BERBASIS ANDROID UNTUK MENENTUKAN KELAYAKAN SISWA PENERIMA REWARD MENGGUNAKAN METODE WEIGHTED PRODUCT', 'SISTEM PENDUKUNG KEPUTUSAN BERBASIS ANDROID UNTUK MENENTUKAN KELAYAKAN SISWA PENERIMA REWARD MENGGUNAKAN METODE WEIGHTED PRODUCT Novanda Sandiantara 15030020 INTISARI Sekolah Menengah Kejuruan Bina Harapan Sleman memiliki dua jurusan yaitu Teknik Komputer dan Jaringan Serta Teknik Pemboran Minyak. Adanya peningkatan kualitas belajar mengajar baik secara akademik dan non akademik yang semakin maju di SMK Bina Harapan, akan menambah motivasi siswa untuk mendapat reward. Reward akan diberikan kepada siswa berdasarkan kriteria-kriteria yang sudah ditetapkan oleh guru-guru. Terdapat empat kriteria yang digunakan untuk menentukan reward yaitu nilai rapot, absen, extrakurikuler, dan sikap. Kriteria-kriteria tersebut kemudian diolah menggunakan aplikasi sistem pendukung keputusan berbasis Android. Aplikasi sistem pedukung keputusan digunakan untuk menentukan siswa layak mendapat reward yang diolah menggunakan metode Weighted Product. Kemudian data alternatif yang digunakan adalah siswa SMK Bina Harapan kelas 12 yang berjumlah 35 siswa. Hasil dari pengolahan sistem dan manual sudah sesuai dengan hasil perhitungan, vektor V tertinggi dimiliki oleh Veni Nur Aviani dengan nilai 0,03263 dan terendah dimiliki oleh Muhammad Alif Nur I dengan nilai 0,01901. Kata Kunci: Reward, Sistem Pendukung Keputusan, Weighted Product, Android.', 11611144, 10409041),
('317b38', 15030017, 'PEMILIHAN LOKASI OUTBOUND DI GUNUNGKIDUL MENGGUNAKAN METODE MULTI OBJECT OPTIMIZATION ON THE BASE OF RATIO ANALYSIS (MOORA)', 'PEMILIHAN LOKASI OUTBOUND DI GUNUNGKIDUL MENGGUNAKAN METODE MULTI OBJECT OPTIMIZATION ON THE BASE OF RATIO ANALYSIS (MOORA) Oleh Istiqomah Nuraini 15030017 INTISARI Sistem pendukung keputusan adalah sebuah sistem terkomputeriasi yang dapat membantu pengguna dalam mengambil sebuah keputusan. Penerapan SPK ini salah satunya adalah untuk pemilihan lokasi outbound yang berada di Gunungkidul dengan menggunakan metode MOORA. Outbound merupakan metode belajar di alam terbuka yang dilakukan atas dasar pengalaman langsung yang disajikan dalam bentuk permainan, diskusi dan petualangan. Sehingga peserta akan mendapat umpan balik tentang dampak kegiatan yang dilakukan yang berguna untuk pengembangan diri kedepannya. Penerapan Metode MOORA merupakan metode yang dapat menentukan bobot pada setiap kriteria, kemudian dilanjutkan dengan proses perangkingan yang akan menyeleksi alternatif terbaik dari sejumlah alternatif yang ada. Personal Home Page (PHP) merupakan salah satu bahasa pemrograman yang didesain untuk pengembangan web. Dalam penelitian ini dibuatlah aplikasi pemilihan lokasi outbound yang berada di Gunungkidul menggunakan metode MOORA, aplikasi dirancang berbasis website, pengujian ini dilakukan menggunakan pengujian black box. Hasil dari penelitian ini menunujukkan bahwa lokasi terbaik berdasarkan bobot kriteria dan perangkingan dengan beberapa altenatif adalah lokasi Gunung Api Purba Nglanggeran dengan hasil nilai 0.1507, Air Terjun Sri Getuk dengan hasil 0.0909, Kampung Jelok dengan hasil 0.01497, Goa Pindul dengan hasil 0.00182, Pantai Sundak dengan hasil -0.07192, Wulenpari dengan hasil -0.08854, dan yang terakhir adalah pantai indrayanti dengan hasil -0.13179. Kata kunci : Sistem Pendukung Keputusan (SPK), Outbound, MOORA, PHP', 10209011, 2147483647),
('3aa7a3', 15030061, 'FLIGHT SIMULATOR UNTUK TAKE OFF PESAWAT BOEING 737-300 SERIES BERBASIS 3 DIMENSI', 'FLIGHT SIMULATOR UNTUK TAKE OFF PESAWAT BOEING 737-300 SERIES BERBASIS 3 DIMENSI Oleh Muhammad Irfan 15030061 INTISARI Simulator merupakan bentuk peniruan kondisi yang menggambarkan perilaku sesuai dengan kenyataan dimana terdapat interaksi antara pengguna dengan simulasi. Simulator sangat berguna dalam mensimulasikan kejadian-kejadian yang dapat membatu dalam system belajar-mengajar. Hasil dari tugas akhir ini berupa simulator 3D Take-Off pada pesawat Boeing 737-300 berbasis desktop yang bertujuan sebagai media pembelajaran yang berisikan penjelasan materi mengenai take-off dari pesawat Boeing 737-300. Simulator ini memberikan inputan dengan data ideal yang berupa data weight, kecepatan pesawat saat lepas landas, pengaturan flaps, dan jarak untuk memahami pesawat melakukan proses V1, VR, dan V2. Metode pengumpulan data pada pembuatan simulator berupa observasi, analisa kebutuhan sistem dan kepustakaan. Simulator dibangun menggunakan Unity 3D, pemodelan aset 3D menggunakan Blender, dan pemodelan asset 2D menggunakan Photoshop. Pengujian simulasi meliputi uji kelayakan oleh pakar, pengujian Black box dan White Box. Hasil dari pengujian pakar diperoleh dari pemberian kuisioner untuk pakar dan memberikan hasil aplikasi yang dibuat dapat terbantu sebagai media pembelajaran dalam mata kuliah dunia penerbangan, dalam menyampaikan materi take off pada pesawat terbang. Hasil pengujian black box menyatakan bahwa semua fungsi pada simulator berjalan sesuai fungsinya pada Sistem Operasi Windows 7, Windows 8, Windows 10 dengan system type 64-bit. Hasil dari pengujian white box menyatakan bahwa perancangan simulator sesuai dengan hasil eksekusi simulator. Kata Kunci: Simulator Pesawat Terbang, take-off, Boeing 737-300', 10706059, 11001072),
('45b4af', 15030041, 'PERBANDINGAN METODE PROFILE MATCHING DAN WEIGHTED PRODUCT DALAM PENENTUAN CALON PENGAJAR SEKOLAH LUAR BIASA (SLB) BERBASIS WEBSITE (Studi Kasus SLB Pamardi Putra Yogyakarta)', 'PERBANDINGAN METODE PROFILE MATCHING DAN WEIGHTED PRODUCT DALAM PENENTUAN CALON PENGAJAR SEKOLAH LUAR BIASA (SLB) BERBASIS WEBSITE (Studi Kasus SLB Pamardi Putra Yogyakarta) Oleh Dian Fitasari Duru 1503004 ABSTRAK Pada penelitian ini penulis akan membahas tentang perancangan dan penerapan perangkat lunak berbasis website untuk penentuan calon pengajar pada sekolah luar biasa, dimana pada instansi ini menanggani anak-anak berkebutuhan khusus sehingga dibutuhkan pengajar yang sesuai untuk anak-anak tersebut, penentuan calon pengajar harus dilakukan menggunakan sistem penyeleksian yang efektif dan akurat dengan memiliki kriteria sesuai dengan kebutuhkan. Untuk mengetahui calon pengajar yang sesuai, peneliti menerapkan sistem pendukung keputusan sebagai proses penentuan dengan menggunakan metode profile matching dan weighted product sebagai tahap perhitungan perbandingan untuk hasil penetuan calon pengajar. Dalam penelitian ini membandingkan metode profile matching dan weighted product untuk menentukan dan memudahkan sistem penyeleksian calon pengajar SLB yang sesuai dengan kriteria diinginkan. Hasil dari penelitian ini, menghasilkan output yang berbeda. Kata Kunci: Perbandingan Metode Sistem Pendukung Keputusan, Profile Matching, Weighted Product, Website', 10209011, 2147483647),
('6506a4', 15030032, 'PERANCANGAN SISTEM ABSENSI DALAM PENANGANAN PROSES UJIAN BERBASIS PAPERLESS (Studi Kasus : Sekolah Tinggi Teknologi Adisutjipto)', 'PERANCANGAN SISTEM ABSENSI DALAM PENANGANAN PROSES UJIAN BERBASIS PAPERLESS (STUDI KASUS : SEKOLAH TINGGI TEKNOLOGI ADISUTJIPTO) Oleh Yasifa Yuri Haqli Sukma 15030032 Intisari Sistem absensi ujian yang ada di STT Adisutjipto saat ini masih menggunakan kertas (manual). Konsep paperless bisa diterapkan dalam sistem absensi ujian. Hasil dari tugas akhir ini berupa perancangan sistem absensi dalam penanganan proses ujian berbasis paperless yang memanfaatkan teknologi QR Code dalam upaya mengurangi penggunaan kertas dan mengefisiensi waktu proses absensi ujian. Sistem absensi dibangun menggunakan bahasa pemrograman PHP dan HTML dengan database PostgreSQL. Pengujian sistem absensi dilakukan secara langsung pada saat ujian. Hasil dari pengujian aplikasi diperoleh bahwa aplikasi absensi berbasis paperless lebih cepat 1 menit 15 detik dibandingkan proses absensi manual. Hasil dari pengujian server diperoleh bahwa database aplikasi absensi menggunakan 13,9 % kapasitas CPU, dan aplikasi absensi ujian menggunakan 0,7 % kapasitas CPU. Kata Kunci: QR Code, Sistem Absensi, Paperless', 10409041, 10904068),
('660e82', 15030038, 'PEMANFAATAN GOOGLE PLAY SERVICE UNTUK MENGUKUR KECEPATAN TERBANG DRONE BERBASIS CLIENT SERVER', 'PEMANFAATAN GOOGLE PLAY SERVICE UNTUK MENGUKUR KECEPATAN TERBANG DRONE BERBASIS CLIENT SERVER Daewu Gus Bintara Putra 15030038 INTISARI Drone sebagai peralatan terbang tanpa pilot telah mengalami perkembangan yang baik dikendalikan menggunakan remote control. Kecepatan drone yang belum dapat diakses pada remote kontrolnya dapat diketahui melalui aplikasi yang berbasis client-server. Aplikasi sisi client ada pada drone dan sisi server ada dibumi. Aplikasi My Drone (client) merupakan aplikasi yang dibawa terbang drone dan Admin Drone (server) merupakan aplikasi untuk memantau kecepatan menggunakan library Google Play Service, data yang didapat dikirim ke aplikasi Admin Drone (server) secara real-time dengan memanfaatkan Google firebase untuk pengiriman data. Dari pengujian yang dilakukan dapat diketahui kecepatan drone saat terbang horisontal, sedangkan saat terbang vertikal kecepatan tidak terdeteksi. Kapasitas baterai juga akan mengalami penurunan saat kecepatan drone 12.583 km/jam dari 60% menjadi 23% karena drone membutuhkan energi dari baterai untuk menggerakkan mesin drone mencapai kecepatan tersebut. Kata kunci : Drone, Google Play Service, Kecepatan Terbang.', 10303032, 11210095),
('6c9843', 15030065, 'ANIMASI PERFORMA MESIN SPEY Mk. 555-15 PADA TURBOJET ENGINE', 'ANIMASI PERFORMA MESIN SPEY Mk. 555-15 PADA TURBOJET ENGINE Oleh Benny Arian Saputra 15030065 INTISARI Turbojet merupakan engine yang masih banyak digunakan pada pesawat terbang. Pada animasi ini menunjukkan performa mesin SPEY Mk. 555-15, menunjukkan adanya perubahan tekanan suhu udara di turbojet ditunjukkan dengan adanya perubahan warna di combustion chamber dan perubahan percepatan perpuataran kompresor. Dalam animasi performa mesin SPEY Mk. 555-15 menggunakan perhitungan dengan inputan Throttle menghasilkan output berupa nilai Thrust, SFC, N1 dan N2 dimana output tersebut hasil dari perhitungan manual yang diinputkan secara sistem agar mempermudah perhitungannya. Dalam pembuatan animasi ini terdapat beberapa proses, yaitu pembuatan modelling turbojet dengan menggunakan Blender, kemudian dilanjutkan dengan proses animation menggunakan Unity. Berdasarkan hasil pengujian black box didapatkan bahwa Animasi Performa Mesin SPEY Mk. 555-15 Pada Turbojet Engine dapat dijalankan pada sistem operasi Windows 7 (64 bit) Windows 8 (64 bit) dan Windows 10 (64 bit). Dan uji pakar didapatkan hasil bahwa animasi ini dapat membantu dosen dalam menyampaikan materi kuliah, informatif, mudah dimengerti, input dan output sudah sesuai. Dari hasil perhitungan inputan Throttle semakin naik maka output nilai Thrust, N1 dan N2 juga akan naik, tetapi nilai Spesific Fuel Consumption (SFC) akan turun. Kata kunci : mesin Turbojet, Thrust, SFC, N1, N2', 10706059, 2147483647),
('73fd39', 15030025, 'PERBANDINGAN METODE SIMPLE MOVING AVERAGE, EXPONENTIAL SMOOTHING, DAN NAIVE METHOD UNTUK PREDIKSI HARGA RUMPUT LAUT DI KOTA TARAKAN BERBASIS ANDROID', '', 11611144, 11409116),
('7ab4b7', 15030013, 'SISTEM PENDUKUNG KEPUTUSAN PRIORITAS PENGAJUAN BEASISWA DIKPORA DIY DAN PPA MENGGUNAKAN METODE MULTI OBJECTIVE OPTIMIZATION ON THE BASIS OF RATIO ANALYSIS (Studi Kasus : Sekolah Tinggi Teknologi Adisu', 'SISTEM PENDUKUNG KEPUTUSAN PRIORITAS PENGAJUAN BEASISWA DIKPORA DIY DAN PPA MENGGUNAKAN METODE MULTI OBJECTIVE OPTIMIZATION ON THE BASIS OF RATIO ANALYSIS (Studi kasus : Sekolah Tinggi Teknologi Adisutjipto) Sulistyo Nugroho 15030013 INTISARI Penentuan prioritas pengajuan beasiswa Dikpora DIY dan PPA di Sekolah Tinggi Teknologi Adisutjipto masih dilakukan dengan cara manual. Dalam menentukan prioritas pengajuan beasiswa maka perlu membutuhkan kriteria pada setiap beasiswa. Dalam menentukan mahasiswa yang berhak menerima beasiswa tersebut, maka metode Multi Objective On The Basis Of Ratio Analysis merupakan metode yang akan digunakan pada proses penentuan beasiswa Dikpora DIY dan PPA karena metode tersebut merupakan sistem multiobjektif untuk pengoptimalan 2 atau lebih kriteria yang yang saling bertentangan secara bersamaan dengan menerapkan 5 langkah proses perhitungan dari memasukan nilai, membuat matriks keputusan, normalisasi, optimasi dan proses perangkingan diurutkan berdasarkan total nilai MOORA dari yang terbesar. Berdasarkan hasil pengujian dengan menggunakan data pendafar beasiswa Dikpora DIY dan PPA tahun 2019, kesamaan perhitungan sistem pendukung keputusan dengan data kemahasiswaan dalam menentukan kandidat yaitu sebesar 100% pada sistem pendukung keputusan prioritas pengajuan beasiswa Dikpora DIY, sedangkan untuk pengujian pada sistem pendukung keputusan prioritas pengajuan beasiswa PPA didapatkan hasil kesamaan perhitungan sistem pendukung keputusan dengan data kemahasiswaan dalam menentukan kandidat berdasarkan program studi menunjukan kesamaan untuk Teknik Elektro sebesar 100%, Teknik Industri 100%, Informatika 75%, Teknik Mesin 80%, Teknik Dirgantara 50%, dan untuk Aeronautika 50%. Kata Kunci : Prioritas Pengajuan Beasiswa, Sistem Pendukung Keputusan, Dikpora DIY, PPA', 10209011, 11611144),
('902383', 15030033, 'PEMANFAATAN RESTFUL API PADA MOBILE BASED TEST UNTUK SERTIFIKASI KARYAWAN PT. GARUDA MAINTENACE FACILTY AEROASIA TBK', 'PEMANFAATAN RESTFUL API PADA MOBILE BASED TEST UNTUK SERTIFIKASI KARYAWAN PT. GARUDA MAINTENACE FACILTY AEROASIA TBK Satya Wira Wicaksana 15030033 INTISARI Dapat merancang dan membuat aplikasi Mobile Based Test untuk sertifikasi karyawan di PT. Garuda Maintenance Facility dengan memanfaatkan restful API. Untuk membuat aplikasi Mobile Based Test menggunakan 2 framework yaitu Android Studio dan Codeigneter. Android Studio digunakan untuk membuat aplikasi GMFAdmin untuk memonitor tes sertifikasi, sedangkan GMF AeroAsia untuk melakukan tes sertifikasi. Codeigneter digunakan untuk membuat Application Programming Interface (API) untuk media transfer data dari aplikasi ke database yang tersimpan di database. Pengujian Mobile Based Test meliputi pengujian fungsionalitas dan uji Whitebox. Berdasarkan uji fungsionalitas pada aplikasi GMFAdmin menyatakan semua fungsi dan button berjalan sesuai fungsinya, sedangkan pada aplikasi GMF AeroAsia semua fungsi dan button juga berjalan sesuai fungsinya. Pada pengujian menggunakan Whitebox aplikasi GMFAdmin terhadap 3 path selama 3 hari didapatkan tingkat keberhasilan sebesar 100%, sedangkan pengujian Whitebox pada aplikasi GMF AeroAsia terhadap 8 path selama 3 hari didapatkan tingkat keberhasilan sebesar 100%. Kata kunci : Restful, API, Mobile, Test, Sertifikasi', 11611144, 11210095),
('9a08b0', 15030024, 'MEDIA PEMBELAJARAN KOMPONEN PESAWAT TERBANG TENTANG CARA KERJA TURBOFAN DENGAN SIKLUS IDEAL', 'MEDIA PEMBELAJARAN KOMPONEN PESAWAT TERBANG TENTANG CARA KERJA TURBOFAN DENGAN SIKLUS IDEAL Oleh Geby Nauly Pakpahan 15030024 INTISARI Turbofan adalah salah satu bagian dari pesawat terbang. Dalam pembelajaran komponen pesawat terbang masih terdapat kesulitan untuk mempelajari cara kerja pada turbofan. Pada media pembelajaran ini perubahan tekanan suhu udara di turbofan ditunjukkan dengan adanya perubahan warna, suara dan perputaran mesin. Pada media pembelajaran ini juga menurut siklus ideal gaya thrust sebesar 1 sampai 6 rpm, ini sesuai dengan keadaan engine yang berada di ground yang tidak terpengaruh oleh ketinggian, velocity dan kecepatan suara. Nilai F/mo 5930,794 lbf/(lbm/sec) sama dengan 6rpm. Dalam pembuatan simulasi turbofan terdapat beberapa proses. Proses petama adalah pembuatan modelling turbofan menggunakan Blender. Setelah melakukan proses modelling selanjutnya proses animation menggunakan Unity. Berdasarkan hasil pengujian black box dan white box terhadap simulasi cara kerja gas turbine pada turbofan berbasis desktop dapat disimpulkan bahwa berhasil. Kata kunci : Turbofan, gaya thrust, engine, siklus ideal', 10706059, 10901061),
('9e6b8c', 15030052, 'PENENTUAN PRIORITAS PENGELUARAN KEBUTUHAN NON RUTIN MENGGUNAKAN METODE MULTI-ATTRIBUTIVE BORDER APPROXIMATION AREA COMPARISON (MABAC) DI MASJID AN-NUUR PANDEYAN', 'PENENTUAN PRIORITAS PENGELUARAN KEBUTUHAN NON RUTIN MENGGUNAKAN METODE MULTI-ATTRIBUTIVE BORDER APPROXIMATION AREA COMPARISON (MABAC) DI MASJID AN-NUUR PANDEYAN\r\n', 10209011, 10301028),
('a324', 15030016, 'MONITORING INTERFACES ETHERNET PADA CISCO CATALYST 3750 UNTUK MENJAMIN KEAMANAN PENGGUNAAN JARINGAN ', 'MONITORING INTERFACES ETHERNET PADA CISCO CATALYST 3750 UNTUK MENJAMIN KEAMANAN PENGGUNAAN JARINGAN KOMPUTER Oleh Dwi Nurhayati 15030016 INTISARI Di laboratorium komputer suatu instansi terdapat banyak perangkat komputer yang terhubung dengan jaringan, hal tersebut berdampak pada peningkatan kebutuhan jaringan dalam hal ini penggunaan bandwidth. Sehingga administrator membutuhkan banyak waktu untuk mengelola jaringan seperti monitoring dan management, contohnya pada perangkat Cisco Catalyst 3750. Hal ini menuntut administrator harus berada di tempat yang sama dengan perangkat jaringan yang sedang dikelola. Oleh karena itu, diperlukan sistem yang dapat memonitoring jaringan dari jarak jauh. Dimana sistem monitoring interfaces ethernet bekerja secara real time dan mampu mengatasi penggunaan jaringan komputer yang terus mengalami peningkatan. Sistem monitoring interfaces ethernet menerapkan port security pada sistem jaringan komputer yang berfungsi sebagai sistem keamanan jaringan komputer agar dapat mengurangi penggunaan jaringan di luar perangkat komputer yang telah didaftarkan atau diijinkan. Sistem monitoring interfaces ethernet yang berbasis Web ini nantinya akan digunakan untuk monitoring dan management perangkat Cisco Catalyst 3750 dengan memanfaatkan API. Hasil dari pengujian menunjukkan bahwa aplikasi dapat memudahkan administrator dalam mengelola jaringan, karena semua fungsi atau perintah yang ada di sistem monitoring interfaces ethernet sama dengan perintah yang ada di-command line. Selain itu, aplikasi monitoring interfaces ethernet dapat berjalan di Browser pada perangkat personal komputer dan smartphone secara responsive. Kata kunci : Port security, monitoring, interfaces ethernet, Cisco Catalyst, API.', 11611143, 10904068),
('af1c62', 15030049, 'SISTEM PENDUKUNG KEPUTUSAN PENENTUAN GUEST STAR PADA E-MARKETPLACE BERBASIS WEB MENGGUNAKAN METODE WEIGHTED PRODUCT', 'SISTEM PENDUKUNG KEPUTUSAN PENENTUAN GUEST STAR PADA E-MARKETPLACE BERBASIS WEB MENGGUNAKAN METODE WEIGHTED PRODUCT Muhammad Ali Sofyan 15030049 INTISARI E-marketplace didefinisikan sebagai sebuah tempat jual beli barang dan jasa secara online yang dikelola oleh satu pihak yaitu developer, kemudian produk yang ada di dalamnya disediakan oleh pihak lain yaitu penjual. Dalam sebuah event biasanya ada bintang tamu (guest star) yang diminta penyelenggara acara untuk tampil sebagai pengisi acara disebuah event. Para penyelenggara event sering kali kesulitan dalam mencari guest star yang sesuai dengan kebutuhan untuk acaranya, di sisi lain para pengisi event seperti musisi, penari dan lain sebagainya juga kesulitan dalam mempromosikan jasanya. Metode weighted product dapat diterapkan untuk aplikasi sistem pendukung keputusan penentuan guest star pada e-marketplace berbasis web. Tujuan dari tugas akhir ini adalah untuk memberikan alternatif keputusan pemilihan guest star yang sesuai kriteria dengan menggunakan metode weighted product dan menciptakan sebuah pasar online untuk mendapatkan guest star yang sesuai dengan yang diharapkan. Terdapat tiga kriteria yang digunakan untuk menentukan guest star pada e-marketplace ini, yaitu jenis pertunjukan, harga dan lokasi. Sedangkan untuk alternatif yang diujikan sebanyak sembilan alternatif yang terdiri dari guest star yang ada di wilayah DIY. Hasil dari uji fungsionalitas berdasarkan pengujian black box menggunakan browser chrome, mozilla, opera dan Microsoft edge menyatakan bahwa semua fungsi validasi dan button yang ada pada e-marketplace dapat berjalan sesuai dengan fungsinya. Pengujian hasil implementasi sudah sesuai dengan perhitungan weighted product, yaitu guest star yang mempunyai hasil tertinggi dari keseluruhan adalah Frengki Sermadi dengan nilai 0,135234, sedangkan guest star yang mempunyai hasil terendah dari keseluruhan adalah Sanggar Titik Dua dengan nilai 0,083222. Kata Kunci: Sistem Pendukung Keputusan, Weighted Product, E-marketplace, Guest star, Website', 11210095, 11611144),
('c99c7d', 15030031, 'PENCARIAN KATA DASAR MENGGUNAKAN METODE PREFIX DAN POSTFIX BERBASIS WEB', 'PENCARIAN KATA DASAR MENGGUNAKAN METODE PREFIX DAN POSTFIX BERBASIS WEB Oleh Desynta Karmila Sari 15030031 INTISARI Kata dasar adalah kata yang belum mengalami penambahan, pengulangan dan penggabungan dengan kata lain. Kata dasar dapat dihasilkan dari sebuah kata berimbuhan dengan cara menghilangkan imbuhan awalan, akhiran atau gabungan awalan dan akhiran. Metode prefix yaitu menghilangkan nol atau lebih simbol karakter dari belakang sedangkan metode postfix yaitu menghilangkan nol atau lebih simbol karakter dari depan. Dalam penelitian ini dibuatlah sebuah aplikasi pencarian kata dasar dengan menggunakan metode prefix dan postfix dengan aplikasi yang dirancang berbasis web, pengujian yang dilakukan yang pertama dengan menggunakan pengujian black box dan hasil yang didapatkan sesuai dengan rancangan yang telah dibuat yaitu tombol pada aplikasi apabila diklik dapat menuju ke halaman yang diinginkan dan kolom pada aplikasi apabila diinputkan, hasil inputan sesuai dengan yang diharapkan. Pengujian yang kedua dengan pengujian fungsional didapatkan keberhasilan sebesar 60,20% dan kegagalan sebesar 39,80%. Pencarian kata dasar dengan menggunakan metode prefix dan postfix cocok digunakan, jika kata berimbuhan berupa kata berawalan, berakhiran, atau berawalan dan berakhiran dengan jumlah huruf yang sama. Kata Kunci: Kata Dasar, Metode Prefix, Metode Postfix', 11611144, 11409116),
('cdfd6e', 15030028, 'SISTEM IDENTIFIKASI KERUSAKAN MESIN PADA PESAWAT BRAVO AS202 MENGGUNAKAN BACKWARD CHAINING BERBASIS WEBSITE', 'SISTEM IDENTIFIKASI KERUSAKAN MESIN PADA PESAWAT BRAVO AS202 MENGGUNAKAN BACKWARD CHAINING BERBASIS WEBSITE Oleh Erni Jumiyanti 15030028 INTISARI Pada penelitian ini membahas tentang perancangan dan penerapan perangkat lunak berbasis website pada sebuah mesin pesawat militer latih yaitu Pesawat Bravo dengan seri AS202. Dengan adanya perangkat lunak ini mampu digunakan untuk mengetahui gejala kerusakan dalam mesin pesawat di luar perawatan (Inspection) menggunakan pendekatan Backward Chaining, untuk menentukan sebuah fakta yang mendukung hipotesa-hipotesa tersebut, dengan pendekatan yang ada diharapkan mampu untuk mengidentifikasi adanya kerusakan pada mesin Pesawat Bravo AS202. Kecelakaan pesawat komersil ataupun militer banyak mengakibatkan banyak korban, selain itu memberikan banyak kerugian bagi semua pihak. Kecelakaan pesawat militer yang telah terjadi selama ini selalu dikaitkan dengan banyak faktor seperti: human error, climate, maupun kerusakan engine. Dalam mengurangi resiko kerusakan pesawat militer maka dibutuhkan perawatan pada pesawat. Dalam penelitian ini menghasilkan sebuah aplikasi berbasis website yang berfungsi sebagai sistem identifikasi kerusakan mesin dengan menggunakan Backward Chaining yang mempermudah teknisi dalam mencari informasi kerusakan pada mesin Pesawat Bravo AS202. Kata Kunci : Bravo AS202, Backward Chaining, Website\r\n', 11611143, 11611144),
('d73c5e', 15030027, 'KRIPTOGRAFI DENGAN METODE BAHASA JAWA WALIKAN YOGYAKARTA BERBASIS WEB', 'KRIPTOGRAFI DENGAN METODE BAHASA JAWA WALIKAN YOGYAKARTA BERBASIS WEB Oleh Ellyana Mega Dewantri Astuti 15030027 INTISARI Kriptografi merupakan suatu ilmu yang yang mempelajari tentang pengamanan sebuah pesan. Cara pengamanan pesan dilakukan dengan mengacak pesan (enkripsi) dan dikembalikan lagi kebentuk aslinya (deskripsi). Metode yang digunakan dalam kriptografi yaitu Bahasa Walikan Yogyakarta di mana metode pembentukannya menggunakan pergeseran letak huruf Aksara Jawa. Bahasa Walikan Yogyakarta menggunakan pergeseran sepuluh huruf Aksara Jawa atau dengan aturan baris pertama Aksara Jawa digeser baris ke tiga, baris ke dua aksara jawa digeser menjadi baris ke empat. Berdasarkan pengujian aplikasi ini dapat berjalan dengan lancar diberbagai jenis perangkat dengan syarat memiliki web browser dan koneksi internet. Namun dalam proses enkripsi dan proses deskripsi pada aplikasi ini terdapat kendala jika sebuah kata yang dienkripsi terdapat huruf m dan p berurutan maka dalam pengembalian kata tidak dapat dilakukan dengan benar. Kata Kunci : Kriptografi, Bahasa Walikan, Berbasis Web', 10303032, 11611144),
('df14', 15030007, 'PENGGUNAAN LINEAR CONGRUENT METHOD PADA COMPUTER BASED TEST UNTUK SERTIFIKASI KARYAWAN PT. GMF AEROASIA TBK', 'The test is something that serves to test the quality of something of intelligence, ability, learning outcomes. One of the results of the exam is used as valid proof that can be used, for example for a promotion or graduation. The certification examination system at PT GMF AeroAsia Tbk is still using paper (Paper Based Test), the test organizer has to select the test results one by one and the participants have to go to the test room at the time and place determined by the test organizer. This examination system is considered ineffective. To resolve this, it is necessary to create a certification examination system that uses a computer to replace the current examination system. The system is designed as a computer based test using the Linear Congruent Method as a randomizer to order questions to save time and reduce paper usage, and guarantees the quality of the results of the exam more accountable. Keywords : Examination, Computer Based Test, Linear Congruent Method, Paper Based Test.\r\n', 10209011, 10904068),
('e4c846', 15030066, 'ANALISIS PENGGABUNGAN KNOWLEDGE ACQUISITION PROSES HAARTRAINING UNTUK DETEKSI OBYEK PADA METODE VIOLA JONES', 'ANALISIS PENGGABUNGAN KNOWLEDGE ACQUISITION PROSES HAARTRAINING UNTUK DETEKSI OBYEK PADA METODE VIOLA JONES Oleh Nur Hanifah 15030066 INTISARI Proses Haartraining membutuhkan sumber daya komputer yang sangat tinggi dan waktu yang berbanding lurus dengan banyaknya data training. Jumlah data training menentukan akurasi pendeteksian obyek. Proses training yang lama diakibatkan karena komputer mempunyai spesifikasi yang rendah dan dengan pembagian file training akan mempercepat proses pembentukan file vector, meminimalisir kesalahan saat melakukan pemotongan fitur Haar pada obyek positif dan juga meminimalisir kesalahan yang terjadi saat melakukan proses training. Permasalahan yang muncul berikutnya bagaimana mengatasi hal tersebut sehingga di peroleh pengetahuan yang lebih baik. Penelitian ini memberikan usulan dan hasil analisis proses penggabungan knowledge acquisition serta pengaruhnya terhadap akurasi pendeteksian obyek menggunakan metode Viola-Jones dengan hasil akhir tingkat kesalahan yang terjadi sebesar 23.689% dan tingkat obyek terdeteksi sebesar 65.584%. Metode Viola Jones menggunakan file classifier yang diperoleh dari proses training. Kata Kunci : Knowledge Acquisition, Haartraining, Pendeteksian Obyek, Viola Jones', 10409041, 11210095),
('f285c3', 15030056, 'SIMULATOR MODUL PEMBELAJARAN MAINTENANCE KOMPONEN AVIONICS PADA SSCVR PN. 980-6022-001 DAN AIRCRAFT BATTERY PN. 405CH (Studi Kasus : Avionics Shop PT GMF AeroAsia Tbk)', 'SIMULATOR MODUL PEMBELAJARAN MAINTENANCE KOMPONEN AVIONICS PADA SSCVR PN. 980-6022-001 DAN AIRCRAFT BATTERY PN. 405CH (Studi Kasus : Avionics Shop PT GMF AeroAsia Tbk) Dwinny Puspa Dinar Saputri 15030056 INTISARI Perkembangan teknologi dapat dimanfaatkan sebagai penunjang dalam mengembangkan pembelajaran inovatif salah satunya menggunakan simulasi sebagai media pembelajaran interaktif. Hasil dari tugas akhir ini berupa simulator modul pembelajaran maintenance komponen avionics berbasis Android dan Desktop yang berisi materi pengenalan, pembongkaran, dan perakitan komponen avionics pada SSCVR PN. 980-6022-001 dan Aircraft Battery PN. 405CH yang bertujuan membantu proses pembelajaran di Avionics Shop PT GMF AeroAsia Tbk. Simulator dibangun menggunakan unity 3D dan pemodelan aset menggunakan blender. Pengujian simulator meliputi uji fungsionalitas dan uji kelayakan oleh pakar sebagai proses validasi dan verifikasi mengenai kriteria penilaian. Hasil dari uji fungsionalitas menyatakan bahwa semua fungsi dan button yang ada pada simulator dapat berjalan dengan baik sesuai dengan fungsinya. Hasil dari uji kelayakan diperoleh nilai rata-rata 90,4 dimana termasuk dalam kategori “Sangat Bagus” dan dinyatakan bahwa simulator telah memenuhi kebutuhan yang mendasari perancangan simulator, memenuhi kebutuhan semua pihak yang berkepentingan, dan dapat dijalankan dengan baik pada beberapa platform yang berbeda. Kata Kunci: Simulator pembelajaran maintenance komponen avionics, assemble-disassemble part component, Avionics, SSCVR, Aircraft Battery', 10409041, 10301030),
('fac7e9', 15030039, 'MAINTENANCE APLIKASI AD/SB MANAGEMENT DI PT. GMF AEROASIA TBK', '', 11210095, 10301030);

--
-- Indexes for dumped tables
--

--
-- Indeks untuk tabel `dosen`
--
ALTER TABLE `dosen`
  ADD PRIMARY KEY (`nip`),
  ADD KEY `program_studi` (`program_studi`);

--
-- Indeks untuk tabel `index`
--
ALTER TABLE `index`
  ADD PRIMARY KEY (`id`),
  ADD KEY `no_doc` (`no_doc`);

--
-- Indeks untuk tabel `kata_imbuhan`
--
ALTER TABLE `kata_imbuhan`
  ADD PRIMARY KEY (`id`);

--
-- Indeks untuk tabel `kata_kunci`
--
ALTER TABLE `kata_kunci`
  ADD PRIMARY KEY (`id`);

--
-- Indeks untuk tabel `mahasiswa`
--
ALTER TABLE `mahasiswa`
  ADD PRIMARY KEY (`nim`),
  ADD KEY `prodi` (`prodi`);

--
-- Indeks untuk tabel `pecah_kata`
--
ALTER TABLE `pecah_kata`
  ADD PRIMARY KEY (`id`),
  ADD KEY `no_doc` (`no_doc`);

--
-- Indeks untuk tabel `pencarian`
--
ALTER TABLE `pencarian`
  ADD PRIMARY KEY (`id`);

--
-- Indeks untuk tabel `program_studi`
--
ALTER TABLE `program_studi`
  ADD PRIMARY KEY (`kd_program_studi`);

--
-- Indeks untuk tabel `sample`
--
ALTER TABLE `sample`
  ADD PRIMARY KEY (`no_reg`);

--
-- Indeks untuk tabel `status_dp`
--
ALTER TABLE `status_dp`
  ADD PRIMARY KEY (`no_reg`),
  ADD KEY `nip` (`nip`);

--
-- Indeks untuk tabel `stopwords`
--
ALTER TABLE `stopwords`
  ADD PRIMARY KEY (`id`);

--
-- Indeks untuk tabel `superuser`
--
ALTER TABLE `superuser`
  ADD PRIMARY KEY (`id`);

--
-- Indeks untuk tabel `tugas_akhir`
--
ALTER TABLE `tugas_akhir`
  ADD PRIMARY KEY (`no_reg`),
  ADD KEY `dp_satu` (`dp_satu`),
  ADD KEY `dp_dua` (`dp_dua`),
  ADD KEY `mahasiswa` (`mahasiswa`);

--
-- AUTO_INCREMENT untuk tabel yang dibuang
--

--
-- AUTO_INCREMENT untuk tabel `index`
--
ALTER TABLE `index`
  MODIFY `id` int(255) NOT NULL AUTO_INCREMENT, AUTO_INCREMENT=2991;

--
-- AUTO_INCREMENT untuk tabel `kata_kunci`
--
ALTER TABLE `kata_kunci`
  MODIFY `id` int(255) NOT NULL AUTO_INCREMENT, AUTO_INCREMENT=3;

--
-- AUTO_INCREMENT untuk tabel `pecah_kata`
--
ALTER TABLE `pecah_kata`
  MODIFY `id` int(255) NOT NULL AUTO_INCREMENT, AUTO_INCREMENT=294;

--
-- AUTO_INCREMENT untuk tabel `stopwords`
--
ALTER TABLE `stopwords`
  MODIFY `id` int(100) NOT NULL AUTO_INCREMENT, AUTO_INCREMENT=16;

--
-- Ketidakleluasaan untuk tabel pelimpahan (Dumped Tables)
--

--
-- Ketidakleluasaan untuk tabel `dosen`
--
ALTER TABLE `dosen`
  ADD CONSTRAINT `dosen_ibfk_1` FOREIGN KEY (`program_studi`) REFERENCES `program_studi` (`kd_program_studi`) ON DELETE NO ACTION ON UPDATE NO ACTION;

--
-- Ketidakleluasaan untuk tabel `index`
--
ALTER TABLE `index`
  ADD CONSTRAINT `index_ibfk_1` FOREIGN KEY (`no_doc`) REFERENCES `sample` (`no_reg`) ON DELETE CASCADE ON UPDATE CASCADE;

--
-- Ketidakleluasaan untuk tabel `mahasiswa`
--
ALTER TABLE `mahasiswa`
  ADD CONSTRAINT `mahasiswa_ibfk_1` FOREIGN KEY (`prodi`) REFERENCES `program_studi` (`kd_program_studi`) ON DELETE NO ACTION ON UPDATE NO ACTION;

--
-- Ketidakleluasaan untuk tabel `pecah_kata`
--
ALTER TABLE `pecah_kata`
  ADD CONSTRAINT `pecah_kata_ibfk_1` FOREIGN KEY (`no_doc`) REFERENCES `sample` (`no_reg`) ON DELETE CASCADE ON UPDATE CASCADE;

--
-- Ketidakleluasaan untuk tabel `status_dp`
--
ALTER TABLE `status_dp`
  ADD CONSTRAINT `status_dp_ibfk_1` FOREIGN KEY (`no_reg`) REFERENCES `dosen` (`nip`) ON DELETE CASCADE ON UPDATE CASCADE;

--
-- Ketidakleluasaan untuk tabel `tugas_akhir`
--
ALTER TABLE `tugas_akhir`
  ADD CONSTRAINT `tugas_akhir_ibfk_1` FOREIGN KEY (`dp_satu`) REFERENCES `dosen` (`nip`) ON DELETE CASCADE ON UPDATE CASCADE,
  ADD CONSTRAINT `tugas_akhir_ibfk_2` FOREIGN KEY (`mahasiswa`) REFERENCES `mahasiswa` (`nim`) ON DELETE NO ACTION ON UPDATE NO ACTION,
  ADD CONSTRAINT `tugas_akhir_ibfk_3` FOREIGN KEY (`dp_dua`) REFERENCES `dosen` (`nip`) ON DELETE NO ACTION ON UPDATE NO ACTION;
COMMIT;

/*!40101 SET CHARACTER_SET_CLIENT=@OLD_CHARACTER_SET_CLIENT */;
/*!40101 SET CHARACTER_SET_RESULTS=@OLD_CHARACTER_SET_RESULTS */;
/*!40101 SET COLLATION_CONNECTION=@OLD_COLLATION_CONNECTION */;
